ER-adjusted spliced returns,TSM (US),Total Int'l,TBM (US),T-Bill,LCV,LCB,LCG,MCV,MCB,MCG,SCV,SCB,SCG,Micro Cap,Total World,Int'l Dev,Emerging,Pacific,Europe,Int'l Value,Int'l Small,Int'l Small Value,LTT,ITT,STT,ITB,STB,IT Corp,REIT,Gold,Precious Metals,Commodity Futures,Energy,Health Care,Extended Mkt,Wellington,Wellesley,Windsor,Windsor II,LT Munis,IT Munis,ST Munis,LT Invest. Grade,ST Invest. Grade,TIPS,Hi-Yield Corp Bd,LT STRIPS,Global Bd,Int'l Bd,Momentum Factor,Quality Factor,Min Vol Factor,Value Factor,Dividend Growth,High Div. Yield,,,,,,,,,,,,,,,,S&P 500 TR,S&P 500 PR,Total Bd TR,Total Bd PR,T-Bills TR,Hard Cash,Inflation US,,Rows in Raw_Data,,
2025,VTSAX,VTIAX,VBTLX,VUSXX,VVIAX,VFIAX,VIGAX,VMVAX,VIMAX,VMGMX,VSIAX,VSMAX,VSGAX,IWC,VTWAX,VTMGX,VEMAX,VPADX,VEUSX,EFV,VFSAX,ISVL,VLGSX,VSIGX,VSBSX,VBILX,VBIRX,VICSX,VGSLX,IAU,FSAGX,GSG,VGELX,VGHAX,VEXAX,VWENX,VWIAX,VWNEX,VWNAX,VWLUX,VWIUX,VWSUX,VWETX,VFSUX,TIP,VWEAX,EDV,BNDW,VTABX,MTUM,QUAL,USMV,VLUE,VDADX,VHYAX,,,,,,,,,,,,,,,,S&P 500 TR,S&P 500 PR,Total Bd TR,Total Bd PR,T-Bills TR,Hard Cash,Inflation US,,2,VTSAX,<= ticker
Expense Ratio:,0.04,0.10,0.04,0.08,0.05,0.04,0.05,0.07,0.05,0.07,0.07,0.05,0.07,0.60,0.09,0.05,0.13,0.09,0.09,0.31,0.16,0.31,0.06,0.06,0.06,0.06,0.06,0.06,0.11,0.25,0.68,0.75,0.37,0.32,0.06,0.17,0.15,0.18,0.24,0.09,0.09,0.09,0.11,0.10,0.18,0.12,0.05,0.05,0.10,0.15,0.15,0.15,0.15,0.08,0.08,,,,,,,,,,,,,,,,0.00,0.00,0.00,0.00,0.00,0.00,0.00,,3,"Fund, TR",<= fund's type (empty if synthetic/index)
Year 1st return:,1871,1970,1871,1871,1927,1871,1927,1927,1927,1927,1927,1927,1927,1970,1970,1970,1976,1970,1970,1975,1975,1990,1871,1871,1871,1871,1871,1871,1972,1969,1970,1970,1985,1985,1980,1930,1971,1959,1979,1978,1978,1978,1974,1976,1985,1979,1942,1985,1985,1982,1976,1985,1975,1985,1976,,,,,,,,,,,,,,,,1871,1871,1871,1871,1871,1871,1871,,4,0.04,<= fund's latest ER
Raw data index:,9,128,230,249,17,25,33,41,50,58,66,74,82,90,390,111,120,136,144,150,164,177,190,202,215,236,242,255,103,283,300,277,288,293,381,259,263,267,271,312,308,304,320,316,331,324,375,352,364,395,400,405,410,416,421,0,0,0,0,0,0,0,0,0,0,0,0,0,0,0,428,431,434,437,440,442,446,,7,1871,<= fund's year 1st return
,,,,,,,,,,,,,,,,,,,,,,,,,,,,,,,,,,,,,,,,,,,,,,,,,,,,,,,,,,,,,,,,,,,,,,,,,,,,,,,,,
Nominal returns,,Minimum for the Year,,,Maximum for the year,,,,,,,,,,,,,,,,,,,,,,,,,,,,,,,,,,,,,,,,,,,,,,,,,,,,,,,,,,,,,,,,,,,,,,,,,,,,
1871,15.30,,2.51,6.03,,15.30,,,,,,,,,,,,,,,,,6.80,2.51,3.47,2.77,2.65,2.71,,,,,,,,,,,,,,,,,,,,,,,,,,,,,,,,,,,,,,,,,,,15.64,9.46,2.82,-2.65,6.35,0.00,1.53,,,,
1872,10.90,,1.56,7.48,,10.90,,,,,,,,,,,,,,,,,2.86,1.56,5.06,1.17,3.83,1.12,,,,,,,,,,,,,,,,,,,,,,,,,,,,,,,,,,,,,,,,,,,11.23,5.14,1.86,-3.74,7.81,0.00,2.26,,,,
1873,-2.76,,4.00,8.03,,-2.76,,,,,,,,,,,,,,,,,2.93,4.00,8.37,3.15,7.49,3.10,,,,,,,,,,,,,,,,,,,,,,,,,,,,,,,,,,,,,,,,,,,-2.47,-8.81,4.32,-1.48,8.35,0.00,-4.41,,,,
1874,4.40,,13.44,6.54,,4.40,,,,,,,,,,,,,,,,,8.91,13.44,13.38,12.46,14.95,12.41,,,,,,,,,,,,,,,,,,,,,,,,,,,,,,,,,,,,,,,,,,,4.71,-2.58,13.78,7.84,6.86,0.00,-6.92,,,,
1875,5.04,,6.23,4.64,,5.04,,,,,,,,,,,,,,,,,12.28,6.23,4.51,6.74,4.58,6.69,,,,,,,,,,,,,,,,,,,,,,,,,,,,,,,,,,,,,,,,,,,5.35,-1.76,6.54,1.10,4.96,0.00,-5.79,,,,
1876,-14.43,,6.93,5.02,,-14.43,,,,,,,,,,,,,,,,,8.74,6.93,6.13,6.97,6.50,6.92,,,,,,,,,,,,,,,,,,,,,,,,,,,,,,,,,,,,,,,,,,,-14.17,-20.40,7.25,1.95,5.33,0.00,0.88,,,,
1877,-1.63,,3.40,4.71,,-1.63,,,,,,,,,,,,,,,,,5.70,3.40,3.66,3.51,3.34,3.46,,,,,,,,,,,,,,,,,,,,,,,,,,,,,,,,,,,,,,,,,,,-1.34,-8.45,3.71,-1.34,5.03,0.00,-15.65,,,,
1878,15.91,,6.18,4.59,,15.91,,,,,,,,,,,,,,,,,5.43,6.18,6.17,5.97,6.52,5.92,,,,,,,,,,,,,,,,,,,,,,,,,,,,,,,,,,,,,,,,,,,16.25,10.15,6.50,1.50,4.90,0.00,-10.31,,,,
1879,48.97,,2.69,3.93,,48.97,,,,,,,,,,,,,,,,,5.49,2.69,3.10,2.83,2.65,2.78,,,,,,,,,,,,,,,,,,,,,,,,,,,,,,,,,,,,,,,,,,,49.41,42.74,3.00,-1.78,4.25,0.00,20.69,,,,
1880,26.31,,5.02,4.78,,26.31,,,,,,,,,,,,,,,,,7.73,5.02,5.09,5.01,5.08,4.96,,,,,,,,,,,,,,,,,,,,,,,,,,,,,,,,,,,,,,,,,,,26.69,21.14,5.34,0.63,5.10,0.00,-5.71,,,,
1881,0.01,,3.24,4.48,,0.01,,,,,,,,,,,,,,,,,6.44,3.24,3.72,3.30,3.39,3.25,,,,,,,,,,,,,,,,,,,,,,,,,,,,,,,,,,,,,,,,,,,0.31,-4.36,3.55,-0.86,4.79,0.00,8.08,,,,
1882,3.30,,2.83,4.94,,3.30,,,,,,,,,,,,,,,,,4.18,2.83,4.45,2.56,4.01,2.51,,,,,,,,,,,,,,,,,,,,,,,,,,,,,,,,,,,,,,,,,,,3.61,-1.86,3.14,-1.10,5.26,0.00,-1.87,,,,
1883,-5.77,,4.05,5.03,,-5.77,,,,,,,,,,,,,,,,,2.86,4.05,5.91,3.51,5.77,3.46,,,,,,,,,,,,,,,,,,,,,,,,,,,,,,,,,,,,,,,,,,,-5.48,-10.84,4.36,0.22,5.35,0.00,-7.62,,,,
1884,-12.64,,3.68,5.33,,-12.64,,,,,,,,,,,,,,,,,3.94,3.68,4.97,3.37,4.79,3.32,,,,,,,,,,,,,,,,,,,,,,,,,,,,,,,,,,,,,,,,,,,-12.38,-18.15,3.99,-0.02,5.65,0.00,-10.31,,,,
1885,29.51,,5.08,3.91,,29.51,,,,,,,,,,,,,,,,,5.83,5.08,4.84,5.00,5.09,4.95,,,,,,,,,,,,,,,,,,,,,,,,,,,,,,,,,,,,,,,,,,,29.90,22.64,5.39,1.52,4.23,0.00,-3.45,,,,
1886,11.61,,0.52,3.94,,11.61,,,,,,,,,,,,,,,,,3.56,0.52,1.70,0.63,0.93,0.58,,,,,,,,,,,,,,,,,,,,,,,,,,,,,,,,,,,,,,,,,,,11.94,7.31,0.82,-2.86,4.26,0.00,0.00,,,,
1887,-0.93,,1.21,5.79,,-0.93,,,,,,,,,,,,,,,,,-1.54,1.21,4.52,0.50,3.85,0.45,,,,,,,,,,,,,,,,,,,,,,,,,,,,,,,,,,,,,,,,,,,-0.63,-4.84,1.51,-2.18,6.11,0.00,4.76,,,,
1888,2.98,,5.26,4.71,,2.98,,,,,,,,,,,,,,,,,5.46,5.26,5.77,4.96,5.94,4.91,,,,,,,,,,,,,,,,,,,,,,,,,,,,,,,,,,,,,,,,,,,3.29,-1.32,5.57,1.82,5.02,0.00,-4.55,,,,
1889,6.74,,2.26,4.37,,6.74,,,,,,,,,,,,,,,,,6.92,2.26,2.63,2.45,2.13,2.40,,,,,,,,,,,,,,,,,,,,,,,,,,,,,,,,,,,,,,,,,,,7.06,2.67,2.56,-1.07,4.68,0.00,-4.76,,,,
1890,-6.44,,1.00,5.09,,-6.44,,,,,,,,,,,,,,,,,-0.40,1.00,3.89,0.49,3.18,0.44,,,,,,,,,,,,,,,,,,,,,,,,,,,,,,,,,,,,,,,,,,,-6.16,-10.04,1.31,-2.30,5.41,0.00,2.50,,,,
1891,18.53,,5.15,5.65,,18.53,,,,,,,,,,,,,,,,,2.62,5.15,6.84,4.43,6.99,4.38,,,,,,,,,,,,,,,,,,,,,,,,,,,,,,,,,,,,,,,,,,,18.88,13.84,5.47,1.74,5.97,0.00,-6.10,,,,
1892,5.84,,1.86,3.62,,5.84,,,,,,,,,,,,,,,,,4.10,1.86,2.38,1.97,1.94,1.92,,,,,,,,,,,,,,,,,,,,,,,,,,,,,,,,,,,,,,,,,,,6.16,1.81,2.17,-1.41,3.93,0.00,7.79,,,,
1893,-19.04,,4.48,8.20,,-19.04,,,,,,,,,,,,,,,,,0.87,4.48,7.62,3.53,7.50,3.47,,,,,,,,,,,,,,,,,,,,,,,,,,,,,,,,,,,,,,,,,,,-18.80,-22.99,4.80,0.98,8.52,0.00,-13.25,,,,
1894,3.25,,5.83,3.01,,3.25,,,,,,,,,,,,,,,,,6.64,5.83,4.50,5.95,5.01,5.90,,,,,,,,,,,,,,,,,,,,,,,,,,,,,,,,,,,,,,,,,,,3.56,-1.62,6.15,2.45,3.32,0.00,-4.17,,,,
1895,4.64,,-0.20,2.78,,4.64,,,,,,,,,,,,,,,,,2.90,-0.20,0.29,0.15,-0.46,0.10,,,,,,,,,,,,,,,,,,,,,,,,,,,,,,,,,,,,,,,,,,,4.96,0.47,0.10,-3.43,3.09,0.00,1.45,,,,
1896,2.91,,3.82,5.45,,2.91,,,,,,,,,,,,,,,,,3.27,3.82,5.40,3.36,5.25,3.31,,,,,,,,,,,,,,,,,,,,,,,,,,,,,,,,,,,,,,,,,,,3.22,-1.17,4.13,0.40,5.76,0.00,-2.86,,,,
1897,20.01,,5.58,3.13,,20.01,,,,,,,,,,,,,,,,,6.93,5.58,4.85,5.57,5.24,5.51,,,,,,,,,,,,,,,,,,,,,,,,,,,,,,,,,,,,,,,,,,,20.37,15.64,5.89,2.21,3.44,0.00,2.94,,,,
1898,28.96,,4.40,3.24,,28.96,,,,,,,,,,,,,,,,,5.74,4.40,4.10,4.40,4.25,4.35,,,,,,,,,,,,,,,,,,,,,,,,,,,,,,,,,,,,,,,,,,,29.34,24.59,4.71,1.10,3.55,0.00,1.43,,,,
1899,3.37,,-0.63,3.05,,3.37,,,,,,,,,,,,,,,,,2.55,-0.63,0.49,-0.44,-0.39,-0.49,,,,,,,,,,,,,,,,,,,,,,,,,,,,,,,,,,,,,,,,,,,3.68,0.33,-0.33,-3.75,3.36,0.00,16.90,,,,
1900,20.59,,3.60,4.32,,20.59,,,,,,,,,,,,,,,,,3.36,3.60,4.45,3.31,4.43,3.26,,,,,,,,,,,,,,,,,,,,,,,,,,,,,,,,,,,,,,,,,,,20.95,15.90,3.91,0.69,4.64,0.00,-2.41,,,,
1901,19.11,,1.59,3.99,,19.11,,,,,,,,,,,,,,,,,1.56,1.59,3.07,1.36,2.64,1.31,,,,,,,,,,,,,,,,,,,,,,,,,,,,,,,,,,,,,,,,,,,19.46,14.85,1.90,-1.28,4.30,0.00,2.47,,,,
1902,7.96,,0.71,4.41,,7.96,,,,,,,,,,,,,,,,,1.65,0.71,2.61,0.52,1.91,0.47,,,,,,,,,,,,,,,,,,,,,,,,,,,,,,,,,,,,,,,,,,,8.29,4.19,1.01,-2.19,4.72,0.00,9.64,,,,
1903,-17.34,,1.96,5.18,,-17.34,,,,,,,,,,,,,,,,,-0.24,1.96,4.62,1.34,4.14,1.29,,,,,,,,,,,,,,,,,,,,,,,,,,,,,,,,,,,,,,,,,,,-17.09,-21.04,2.26,-1.04,5.50,0.00,-4.40,,,,
1904,31.71,,5.56,4.03,,31.71,,,,,,,,,,,,,,,,,4.64,5.56,5.66,5.25,6.04,5.20,,,,,,,,,,,,,,,,,,,,,,,,,,,,,,,,,,,,,,,,,,,32.10,26.20,5.88,2.51,4.34,0.00,2.30,,,,
1905,20.94,,0.41,3.86,,20.94,,,,,,,,,,,,,,,,,2.26,0.41,1.65,0.46,0.94,0.41,,,,,,,,,,,,,,,,,,,,,,,,,,,,,,,,,,,,,,,,,,,21.31,17.08,0.71,-2.57,4.17,0.00,0.00,,,,
1906,0.40,,0.48,5.15,,0.40,,,,,,,,,,,,,,,,,-0.14,0.48,3.29,0.08,2.45,0.03,,,,,,,,,,,,,,,,,,,,,,,,,,,,,,,,,,,,,,,,,,,0.70,-3.14,0.78,-2.63,5.47,0.00,4.49,,,,
1907,-24.41,,-0.57,5.91,,-24.41,,,,,,,,,,,,,,,,,-3.36,-0.57,3.40,-1.20,2.31,-1.25,,,,,,,,,,,,,,,,,,,,,,,,,,,,,,,,,,,,,,,,,,,-24.18,-28.35,-0.27,-3.79,6.23,0.00,-2.15,,,,
1908,39.01,,11.14,5.00,,39.01,,,,,,,,,,,,,,,,,9.48,11.14,9.70,10.65,11.14,10.60,,,,,,,,,,,,,,,,,,,,,,,,,,,,,,,,,,,,,,,,,,,39.42,32.26,11.47,7.62,5.32,0.00,3.30,,,,
1909,15.84,,1.18,3.34,,15.84,,,,,,,,,,,,,,,,,2.25,1.18,1.69,1.35,1.22,1.30,,,,,,,,,,,,,,,,,,,,,,,,,,,,,,,,,,,,,,,,,,,16.19,11.26,1.49,-2.12,3.65,0.00,10.64,,,,
1910,-3.67,,3.92,4.95,,-3.67,,,,,,,,,,,,,,,,,1.62,3.92,5.22,3.48,5.18,3.43,,,,,,,,,,,,,,,,,,,,,,,,,,,,,,,,,,,,,,,,,,,-3.38,-8.04,4.23,0.39,5.26,0.00,-6.73,,,,
1911,3.21,,3.82,3.69,,3.21,,,,,,,,,,,,,,,,,3.71,3.82,3.83,3.80,3.85,3.74,,,,,,,,,,,,,,,,,,,,,,,,,,,,,,,,,,,,,,,,,,,3.52,-1.62,4.13,0.29,4.00,0.00,-1.03,,,,
1912,6.86,,1.33,4.03,,6.86,,,,,,,,,,,,,,,,,2.52,1.33,2.24,1.39,1.67,1.34,,,,,,,,,,,,,,,,,,,,,,,,,,,,,,,,,,,,,,,,,,,7.18,1.97,1.63,-2.25,4.35,0.00,7.29,,,,
1913,-5.02,,3.63,5.34,,-5.02,,,,,,,,,,,,,,,,,2.35,3.63,5.29,3.24,5.05,3.18,,,,,,,,,,,,,,,,,,,,,,,,,,,,,,,,,,,,,,,,,,,-4.74,-10.00,3.94,-0.18,5.66,0.00,2.04,,,,
1914,-5.75,,6.22,4.33,,-5.75,,,,,,,,,,,,,,,,,4.52,6.22,6.04,5.96,6.51,5.90,,,,,,,,,,,,,,,,,,,,,,,,,,,,,,,,,,,,,,,,,,,-5.47,-10.63,6.54,2.38,4.64,0.00,1.00,,,,
1915,30.83,,5.99,3.34,,30.83,,,,,,,,,,,,,,,,,5.98,5.99,4.69,6.09,5.21,6.04,,,,,,,,,,,,,,,,,,,,,,,,,,,,,,,,,,,,,,,,,,,31.22,24.73,6.31,2.20,3.65,0.00,2.97,,,,
1916,7.91,,3.40,3.33,,7.91,,,,,,,,,,,,,,,,,6.28,3.40,2.51,3.76,2.44,3.71,,,,,,,,,,,,,,,,,,,,,,,,,,,,,,,,,,,,,,,,,,,8.23,2.57,3.71,-0.33,3.64,0.00,12.50,,,,
1917,-18.78,,-1.93,3.93,,-18.78,,,,,,,,,,,,,,,,,-5.38,-1.93,1.18,-2.26,0.05,-2.31,,,,,,,,,,,,,,,,,,,,,,,,,,,,,,,,,,,,,,,,,,,-18.54,-24.66,-1.63,-5.64,4.25,0.00,19.66,,,,
1918,17.71,,4.39,5.66,,17.71,,,,,,,,,,,,,,,,,5.92,4.39,5.06,4.29,4.87,4.24,,,,,,,,,,,,,,,,,,,,,,,,,,,,,,,,,,,,,,,,,,,18.06,8.88,4.70,0.34,5.98,0.00,17.86,,,,
1919,19.27,,1.99,5.25,,19.27,,,,,,,,,,,,,,,,,0.70,1.99,3.81,1.75,3.23,1.70,,,,,,,,,,,,,,,,,,,,,,,,,,,,,,,,,,,,,,,,,,,19.63,12.48,2.30,-2.39,5.56,0.00,16.97,,,,
1920,-14.23,,-0.04,6.98,,-14.23,,,,,,,,,,,,,,,,,-0.04,-0.04,3.24,-0.31,1.95,-0.36,,,,,,,,,,,,,,,,,,,,,,,,,,,,,,,,,,,,,,,,,,,-13.98,-19.48,0.26,-4.65,7.30,0.00,-1.55,,,,
1921,9.75,,12.90,7.12,,9.75,,,,,,,,,,,,,,,,,16.89,12.90,10.65,12.81,11.94,12.76,,,,,,,,,,,,,,,,,,,,,,,,,,,,,,,,,,,,,,,,,,,10.08,2.67,13.24,7.91,7.44,0.00,-11.05,,,,
1922,28.74,,5.24,4.26,,28.74,,,,,,,,,,,,,,,,,5.97,5.24,4.77,5.27,4.97,5.22,,,,,,,,,,,,,,,,,,,,,,,,,,,,,,,,,,,,,,,,,,,29.13,21.92,5.56,0.81,4.58,0.00,-0.59,,,,
1923,5.14,,3.48,4.65,,5.14,,,,,,,,,,,,,,,,,3.99,3.48,3.98,3.44,3.78,3.39,,,,,,,,,,,,,,,,,,,,,,,,,,,,,,,,,,,,,,,,,,,5.46,-0.79,3.79,-0.90,4.96,0.00,2.98,,,,
1924,26.74,,7.57,4.03,,26.74,,,,,,,,,,,,,,,,,9.03,7.57,5.97,7.65,6.68,7.59,,,,,,,,,,,,,,,,,,,,,,,,,,,,,,,,,,,,,,,,,,,27.12,19.82,7.89,3.22,4.34,0.00,0.00,,,,
1925,25.50,,2.92,3.56,,25.50,,,,,,,,,,,,,,,,,6.00,2.92,2.43,3.22,2.22,3.17,,,,,,,,,,,,,,,,,,,,,,,,,,,,,,,,,,,,,,,,,,,25.87,19.57,3.23,-1.17,3.87,0.00,3.47,,,,
1926,11.23,,4.43,3.97,,11.23,,,,,,,,,,,,,,,,,7.00,4.43,3.88,4.57,3.96,4.52,,,,,,,,,,,,,,,,,,,,,,,,,,,,,,,,,,,,,,,,,,,11.56,5.93,4.75,0.40,4.28,0.00,-2.23,,,,
1927,32.98,,5.03,3.94,21.51,32.48,44.01,21.70,31.15,40.56,33.35,35.66,37.68,,,,,,,,,,8.41,5.03,4.28,5.16,4.47,5.11,,,,,,,,,,,,,,,,,,,,,,,,,,,,,,,,,,,,,,,,,,,37.16,30.82,5.34,1.19,4.26,0.00,-1.14,,,,
1928,38.33,,-1.16,4.33,30.47,38.01,43.10,31.82,36.14,39.35,28.64,39.65,51.24,,,,,,,,,,-1.43,-1.16,1.44,-1.38,0.41,-1.43,,,,,,,,,,,,,,,,,,,,,,,,,,,,,,,,,,,,,,,,,,,47.62,41.81,-0.86,-4.66,4.64,0.00,-1.16,,,,
1929,-11.53,,4.00,5.69,2.63,-8.77,-18.31,-3.68,-12.98,-20.81,-17.63,-25.63,-33.17,,,,,,,,,,4.61,4.00,5.47,3.60,5.29,3.55,,,,,,,,,,,,,,,,,,,,,,,,,,,,,,,,,,,,,,,,,,,-9.43,-11.91,4.31,0.40,6.01,0.00,0.00,,,,
1930,-28.53,,7.47,3.84,-28.33,-27.31,-26.42,-39.80,-37.46,-34.90,-38.57,-34.55,-30.69,,,,,,,,,,5.90,7.47,6.70,7.14,7.58,7.09,,,,,,,,-21.21,,,,,,,,,,,,,,,,,,,,,,,,,,,,,,,,,,,-22.73,-28.48,7.79,4.05,4.15,0.00,-7.02,,,,
1931,-44.26,,-2.32,2.12,-49.38,-43.83,-37.35,-57.73,-50.37,-40.60,-51.89,-46.90,-41.29,,,,,,,,,,-8.95,-2.32,0.51,-2.81,-0.26,-2.86,,,,,,,,-26.43,,,,,,,,,,,,,,,,,,,,,,,,,,,,,,,,,,,-44.26,-47.07,-2.03,-5.37,2.43,0.00,-10.06,,,,
1932,-8.89,,11.98,3.05,-5.03,-9.58,-15.12,3.09,-7.77,-17.69,-4.02,-5.65,-9.85,,,,,,,,,,16.00,11.98,7.29,12.47,9.01,12.42,,,,,,,,-1.82,,,,,,,,,,,,,,,,,,,,,,,,,,,,,,,,,,,-6.16,-15.15,12.32,8.60,3.36,0.00,-9.79,,,,
1933,56.79,,2.73,1.15,47.66,49.13,52.65,85.52,70.79,53.93,111.32,105.27,95.16,,,,,,,,,,-0.33,2.73,1.96,2.81,2.25,2.76,,,,,,,,6.83,,,,,,,,,,,,,,,,,,,,,,,,,,,,,,,,,,,56.66,46.59,3.04,-0.28,1.46,0.00,2.33,,,,
1934,2.04,,7.00,0.02,-8.51,0.21,8.75,-6.40,3.92,13.02,3.25,11.59,20.81,,,,,,,,,,11.73,7.00,2.55,7.88,3.57,7.82,,,,,,,,20.33,,,,,,,,,,,,,,,,,,,,,,,,,,,,,,,,,,,-8.00,-5.94,7.32,3.99,0.32,0.00,3.03,,,,
1935,45.92,,3.62,-0.12,48.26,45.75,43.05,62.29,49.65,39.44,43.49,43.55,43.81,,,,,,,,,,4.49,3.62,1.25,4.12,1.74,4.07,,,,,,,,35.32,,,,,,,,,,,,,,,,,,,,,,,,,,,,,,,,,,,54.96,41.37,3.93,0.77,0.18,0.00,1.47,,,,
1936,33.29,,4.29,-0.13,36.85,31.52,26.30,36.81,31.46,26.74,55.37,41.99,28.52,,,,,,,,,,7.49,4.29,1.26,4.99,1.85,4.94,,,,,,,,31.33,,,,,,,,,,,,,,,,,,,,,,,,,,,,,,,,,,,32.72,27.92,4.60,1.52,0.17,0.00,2.17,,,,
1937,-35.02,,1.64,0.00,-32.32,-34.93,-34.39,-40.25,-38.10,-36.43,-45.02,-43.91,-42.97,,,,,,,,,,-0.25,1.64,0.80,1.84,0.96,1.79,,,,,,,,-35.41,,,,,,,,,,,,,,,,,,,,,,,,,,,,,,,,,,,-34.73,-38.59,1.95,-0.99,0.30,0.00,2.86,,,,
1938,28.06,,4.08,-0.22,18.24,30.37,34.52,26.46,33.09,40.08,33.73,38.49,43.09,,,,,,,,,,5.12,4.08,1.75,4.54,2.34,4.49,,,,,,,,19.11,,,,,,,,,,,,,,,,,,,,,,,,,,,,,,,,,,,30.76,25.21,4.39,1.48,0.08,0.00,-2.78,,,,
1939,2.08,,2.86,-0.26,0.97,-0.68,3.77,-6.80,-6.01,-5.36,-8.23,-3.56,0.75,,,,,,,,,,4.41,2.86,0.85,3.35,1.21,3.29,,,,,,,,10.31,,,,,,,,,,,,,,,,,,,,,,,,,,,,,,,,,,,-0.38,-5.45,3.16,0.47,0.04,0.00,0.00,,,,
1940,-7.41,,4.04,-0.27,-5.71,-10.04,-10.17,-8.09,-9.45,-10.64,-5.86,-5.52,-5.30,,,,,,,,,,8.27,4.04,1.17,4.72,1.69,4.67,,,,,,,,0.15,,,,,,,,,,,,,,,,,,,,,,,,,,,,,,,,,,,-9.77,-15.29,4.35,1.75,0.03,0.00,0.71,,,,
1941,-10.35,,2.01,-0.22,-8.56,-11.85,-12.85,-5.02,-8.66,-11.91,-4.90,-9.37,-13.77,,,,,,,,,,0.93,2.01,1.05,2.16,1.32,2.11,,,,,,,,-3.90,,,,,,,,,,,,,,,,,,,,,,,,,,,,,,,,,,,-11.59,-17.86,2.31,-0.07,0.08,0.00,9.93,,,,
1942,16.41,,1.09,0.04,14.49,19.79,16.36,30.21,23.03,16.65,23.85,20.48,17.16,,,,,,,,,,2.87,1.09,0.47,1.39,0.38,1.34,,,,,,,,16.62,,,,,,,,,,,3.82,,,,,,,,,,,,,,,,,,,,,,,,20.15,12.43,1.39,-0.64,0.34,0.00,9.03,,,,
1943,27.57,,2.19,0.03,30.14,25.26,18.14,41.72,34.03,25.44,56.64,43.78,31.83,,,,,,,,,,1.89,2.19,1.25,2.21,1.71,2.16,,,,,,,,24.88,,,,,,,,,,,1.60,,,,,,,,,,,,,,,,,,,,,,,,25.63,19.45,2.55,0.49,0.38,0.00,2.96,,,,
1944,20.86,,2.01,0.03,19.98,19.13,16.43,32.45,25.90,20.20,40.85,35.15,29.14,,,,,,,,,,2.55,2.01,0.90,2.18,1.23,2.13,,,,,,,,19.37,,,,,,,,,,,2.71,,,,,,,,,,,,,,,,,,,,,,,,19.53,13.80,2.36,0.30,0.38,0.00,2.30,,,,
1945,37.84,,4.80,0.03,35.76,35.89,31.63,59.30,49.68,41.87,65.59,60.63,55.97,,,,,,,,,,7.99,4.80,1.22,5.61,1.92,5.56,,,,,,,,23.13,,,,,,,,,,,13.77,,,,,,,,,,,,,,,,,,,,,,,,36.31,30.72,5.16,3.10,0.38,0.00,2.25,,,,
1946,-6.52,,0.41,0.03,-3.24,-8.31,-9.40,-6.58,-6.43,-6.00,-9.08,-8.40,-7.69,,,,,,,,,,0.32,0.41,0.78,0.31,0.72,0.26,,,,,,,,-2.41,,,,,,,,,,,-1.32,,,,,,,,,,,,,,,,,,,,,,,,-8.02,-11.87,0.76,-1.17,0.38,0.00,18.13,,,,
1947,3.50,,-0.76,0.22,3.78,5.24,4.14,-0.84,-0.85,-0.83,3.42,1.23,-0.83,,,,,,,,,,-2.64,-0.76,0.63,-1.07,0.35,-1.12,,,,,,,,-3.47,,,,,,,,,,,-5.79,,,,,,,,,,,,,,,,,,,,,,,,5.63,0.00,-0.41,-2.31,0.57,0.00,8.84,,,,
1948,2.01,,2.30,0.67,2.26,4.95,3.75,0.87,0.69,0.14,-2.54,-3.13,-3.78,,,,,,,,,,3.31,2.30,1.14,2.50,1.47,2.45,,,,,,,,3.85,,,,,,,,,,,3.85,,,,,,,,,,,,,,,,,,,,,,,,5.37,-0.65,2.66,0.67,1.03,0.00,2.99,,,,
1949,19.56,,4.03,0.73,13.64,18.14,25.03,24.52,23.30,22.23,18.25,20.90,23.16,,,,,,,,,,6.65,4.03,1.46,4.45,2.23,4.39,,,,,,,,16.50,,,,,,,,,,,8.75,,,,,,,,,,,,,,,,,,,,,,,,18.60,10.26,4.42,2.43,1.11,0.00,-2.07,,,,
1950,29.95,,-0.47,0.78,32.37,31.02,24.18,37.86,28.82,20.38,48.57,35.25,21.92,,,,,,,,,,-1.37,-0.47,0.31,-0.65,0.15,-0.69,,,,,,,,12.69,,,,,,,,,,,-0.85,,,,,,,,,,,,,,,,,,,,,,,,31.46,21.78,-0.08,-1.99,1.18,0.00,5.93,,,,
1951,20.43,,-0.23,1.14,22.75,23.61,20.05,20.89,20.90,21.31,10.98,14.54,18.03,,,,,,,,,,-4.40,-0.23,0.60,-0.27,0.24,-0.32,,,,,,,,12.33,,,,,,,,,,,-9.26,,,,,,,,,,,,,,,,,,,,,,,,23.97,16.46,0.11,-1.87,1.49,0.00,6.00,,,,
1952,13.36,,1.90,1.33,13.68,17.82,13.88,14.35,12.22,10.23,11.06,10.94,10.66,,,,,,,,,,1.11,1.90,1.58,1.99,1.61,1.94,,,,,,,,10.99,,,,,,,,,,,-0.79,,,,,,,,,,,,,,,,,,,,,,,,18.16,11.78,2.26,0.17,1.68,0.00,0.75,,,,
1953,0.43,,3.34,1.55,-1.06,-1.21,2.73,-2.02,0.38,2.49,-4.04,-1.85,0.30,,,,,,,,,,1.92,3.34,2.86,3.38,3.04,3.33,,,,,,,,1.87,,,,,,,,,,,0.58,,,,,,,,,,,,,,,,,,,,,,,,-0.94,-6.62,3.70,1.44,1.91,0.00,0.75,,,,
1954,50.25,,2.52,0.61,51.52,51.89,47.27,65.70,53.13,42.89,62.28,54.83,47.35,,,,,,,,,,5.32,2.52,2.19,2.53,2.35,2.48,,,,,,,,30.86,,,,,,,,,,,9.15,,,,,,,,,,,,,,,,,,,,,,,,52.27,45.02,2.88,0.59,0.97,0.00,-0.74,,,,
1955,25.52,,-1.09,1.32,23.83,31.13,28.43,16.38,18.49,20.42,21.38,20.65,20.01,,,,,,,,,,-2.37,-1.09,0.00,-1.18,-0.43,-1.22,,,,,,,,15.54,,,,,,,,,,,-4.03,,,,,,,,,,,,,,,,,,,,,,,,31.41,26.40,-0.74,-3.09,1.67,0.00,0.37,,,,
1956,8.33,,-1.82,2.23,11.77,6.26,4.17,7.59,9.31,10.71,7.36,8.27,8.94,,,,,,,,,,-6.09,-1.82,1.13,-2.35,0.36,-2.39,,,,,,,,4.43,,,,,,,,,,,-8.45,,,,,,,,,,,,,,,,,,,,,,,,6.48,2.62,-1.49,-3.99,2.58,0.00,2.99,,,,
1957,-10.08,,8.27,2.92,-9.34,-10.90,-9.62,-10.94,-10.43,-10.02,-14.22,-13.28,-12.37,,,,,,,,,,8.47,8.27,5.24,8.76,6.08,8.71,,,,,,,,-4.30,,,,,,,,,,,7.65,,,,,,,,,,,,,,,,,,,,,,,,-10.72,-14.31,8.64,5.65,3.27,0.00,2.90,,,,
1958,44.58,,-3.08,1.44,44.28,42.85,40.69,52.72,50.14,48.25,65.07,58.40,52.20,,,,,,,,,,-7.00,-3.08,1.41,-3.87,0.26,-3.92,,,,,,,,28.47,,,,,,,,,,,-11.20,,,,,,,,,,,,,,,,,,,,,,,,43.15,38.06,-2.75,-5.53,1.79,0.00,1.76,,,,
1959,12.62,,-1.96,2.95,7.90,11.75,14.79,13.43,10.35,7.39,19.69,18.27,16.77,,,,,,,,,,-5.47,-1.96,1.17,-2.59,0.48,-2.63,,,,,,,,8.86,,15.89,,,,,,,,,-8.33,,,,,,,,,,,,,,,,,,,,,,,,11.95,8.48,-1.63,-4.83,3.29,0.00,1.73,,,,
1960,0.77,,12.72,2.74,3.20,0.26,-1.43,0.55,6.35,11.71,-5.23,-1.03,2.95,,,,,,,,,,14.67,12.72,8.35,13.40,9.57,13.34,,,,,,,,5.17,,11.75,,,,,,,,,15.95,,,,,,,,,,,,,,,,,,,,,,,,0.45,-2.97,13.09,9.35,3.08,0.00,1.36,,,,
1961,26.76,,1.03,1.95,28.73,26.66,23.43,28.10,26.58,24.66,30.38,29.06,27.64,,,,,,,,,,-0.83,1.03,2.22,0.74,2.04,0.69,,,,,,,,18.97,,30.15,,,,,,,,,-2.75,,,,,,,,,,,,,,,,,,,,,,,,26.88,23.13,1.36,-2.17,2.29,0.00,0.67,,,,
1962,-9.77,,5.42,2.47,-5.82,-8.84,-14.61,-6.99,-10.11,-13.09,-12.13,-13.44,-15.02,,,,,,,,,,6.02,5.42,3.92,5.61,4.42,5.56,,,,,,,,-5.17,,-25.51,,,,,,,,,7.01,,,,,,,,,,,,,,,,,,,,,,,,-8.66,-11.81,5.77,1.67,2.81,0.00,1.33,,,,
1963,21.00,,1.41,2.82,21.44,22.54,21.59,23.95,19.13,14.59,23.84,16.14,8.67,,,,,,,,,,-0.08,1.41,2.16,1.34,1.87,1.29,,,,,,,,11.92,,12.30,,,,,,,,,-2.46,,,,,,,,,,,,,,,,,,,,,,,,22.76,18.89,1.73,-2.24,3.15,0.00,1.64,,,,
1964,16.26,,3.59,3.24,14.89,16.22,16.84,16.35,15.41,14.58,23.16,18.21,13.18,,,,,,,,,,3.53,3.59,3.67,3.55,3.69,3.50,,,,,,,,10.85,,14.12,,,,,,,,,3.65,,,,,,,,,,,,,,,,,,,,,,,,16.43,12.97,3.90,-0.19,3.55,0.00,0.97,,,,
1965,14.04,,0.49,3.66,6.68,12.26,15.92,24.76,21.77,19.26,32.91,30.37,27.94,,,,,,,,,,-0.46,0.49,2.23,0.32,1.58,0.27,,,,,,,,5.44,,29.25,,,,,,,,,-2.20,,,,,,,,,,,,,,,,,,,,,,,,12.46,9.06,0.78,-3.28,3.96,0.00,1.92,,,,
1966,-8.86,,4.72,4.63,-8.21,-10.19,-10.51,-3.45,-3.34,-2.90,-7.39,-6.63,-5.88,,,,,,,,,,3.69,4.72,4.93,4.69,4.87,4.63,,,,,,,,-6.61,,-3.57,,,,,,,,,2.35,,,,,,,,,,,,,,,,,,,,,,,,-10.02,-13.09,5.02,0.63,4.93,0.00,3.46,,,,
1967,27.18,,-0.75,4.11,15.51,23.65,29.66,26.29,26.84,27.47,54.54,54.46,54.33,,,,,,,,,,-7.80,-0.75,3.45,-1.61,2.59,-1.66,,,,,,,,8.16,,30.51,,,,,,,,,-16.62,,,,,,,,,,,,,,,,,,,,,,,,23.89,20.09,-0.47,-4.85,4.40,0.00,3.04,,,,
1968,13.21,,2.66,5.08,15.45,10.83,5.42,25.64,17.94,11.23,34.34,29.36,24.40,,,,,,,,,,-0.07,2.66,4.49,2.33,4.06,2.28,,,,,,,,7.91,,22.29,,,,,,,,,-4.07,,,,,,,,,,,,,,,,,,,,,,,,11.04,7.66,2.94,-1.88,5.36,0.00,4.72,,,,
1969,-10.40,,-2.33,6.44,-17.13,-8.59,0.89,-18.88,-14.06,-8.78,-21.20,-20.88,-20.66,,,,,,,,,,-6.03,-2.33,3.29,-2.97,1.44,-3.02,,-16.48,,,,,,-7.83,,-4.82,,,,,,,,,-8.39,,,,,,,,,,,,,,,,,,,,,,,,-8.40,-11.36,-2.07,-7.22,6.73,0.00,6.20,,,,
1970,4.59,-14.78,16.96,6.57,9.19,3.66,-4.26,7.34,1.52,-4.18,2.77,-6.98,-16.09,-18.44,-2.45,-12.00,,-13.08,-10.98,,,,13.56,16.96,13.29,17.04,14.92,16.98,,5.60,-1.12,14.04,,,,6.40,,7.52,,,,,,,,,7.55,,,,,,,,,,,,,,,,,,,,,,,,3.89,0.10,17.27,10.80,6.85,0.00,5.57,,,,
1971,17.41,31.14,9.28,4.35,7.11,14.04,22.95,15.54,20.83,26.67,15.77,21.38,27.37,17.68,18.99,29.10,,37.08,25.85,,,,12.42,9.28,7.45,9.51,8.00,9.45,,16.08,-3.38,19.96,,,,8.88,15.03,7.36,,,,,,,,,17.12,,,,,,,,,,,,,,,,,,,,,,,,14.30,10.79,9.57,3.44,4.62,0.00,3.27,,,,
1972,17.71,38.42,2.93,3.75,13.19,18.72,22.12,11.23,8.70,6.33,8.84,8.00,7.24,-1.29,22.96,35.83,,105.63,13.96,,,,4.69,2.93,3.73,2.94,3.30,2.89,7.60,47.54,56.03,41.12,,,,10.99,9.75,10.21,,,,,,,,,9.99,,,,,,,,,,,,,,,,,,,,,,,,19.00,15.63,3.18,-2.76,4.01,0.00,3.41,,,,
1973,-18.71,-11.82,2.02,6.63,-8.40,-14.89,-22.35,-12.87,-22.09,-31.67,-22.92,-31.72,-39.94,-42.50,-14.92,-15.25,,-21.63,-9.13,,,,0.89,3.83,4.41,3.70,4.33,1.21,-15.85,72.56,124.94,73.33,,,,-11.83,-3.49,-25.02,,,,,,,,,-29.65,,,,,,,,,,,,,,,,,,,,,,,,-14.69,-17.37,4.09,-2.30,6.90,0.00,8.71,,,,
1974,-28.62,-20.01,-0.16,7.65,-21.32,-26.70,-33.37,-19.18,-26.60,-33.26,-22.10,-28.17,-33.67,-27.69,-24.91,-23.52,,-21.85,-24.42,,,,4.68,4.12,6.68,3.67,6.11,-6.22,-21.77,66.01,34.59,38.11,,,,-17.73,-6.43,-16.80,,,,,-2.27,,,,-6.71,,,,,,,,,,,,,,,,,,,,,,,,-26.47,-29.72,4.46,-2.42,8.01,0.00,12.34,,,,
1975,38.04,30.29,11.94,5.79,38.56,36.80,32.09,52.85,45.57,39.53,52.54,53.29,54.18,74.33,33.75,34.77,,25.29,40.80,36.32,36.06,,7.99,6.23,8.62,5.71,8.23,16.27,18.75,-25.65,-44.98,-18.05,,,,25.18,17.51,54.50,,,,,9.95,,,,8.09,,,,,,38.66,,,,,,,,,,,,,,,,,,37.23,31.55,6.57,-0.66,6.13,0.00,6.94,,,,
1976,26.10,1.68,15.24,4.74,32.37,23.40,14.32,45.32,35.08,25.66,52.43,43.73,35.80,53.65,13.98,1.99,6.10,20.27,-8.30,3.33,3.09,,16.74,14.48,9.18,14.84,10.53,18.91,46.80,-4.72,-20.66,-12.87,,,,23.36,23.28,46.41,,,,,15.35,12.18,,,29.94,,,,16.58,,30.61,,33.19,,,,,,,,,,,,,,,,23.93,19.15,15.60,7.11,5.06,0.00,4.86,,,,
1977,-3.07,15.33,2.72,4.90,-3.70,-7.84,-10.19,4.73,0.75,-3.87,14.08,14.02,14.10,21.94,1.29,17.35,6.03,12.35,21.17,21.68,21.81,,-0.36,0.74,3.53,1.85,3.30,2.79,21.69,22.16,23.96,9.12,,,,-4.38,4.27,0.98,,,,,4.98,4.45,,,-9.79,,,,-11.41,,-6.65,,0.35,,,,,,,,,,,,,,,,-7.16,-11.50,3.04,-4.39,5.23,0.00,6.70,,,,
1978,8.88,30.63,1.07,7.05,5.27,5.87,6.31,7.45,7.19,7.07,15.94,16.38,16.48,27.06,17.50,31.95,13.49,47.24,21.27,33.96,34.85,,-1.75,0.13,3.23,-0.16,2.64,-0.01,9.78,34.68,24.81,30.23,,,,5.32,3.61,8.76,,5.93,-4.52,2.31,2.05,3.01,,,-5.88,,,,5.83,,4.81,,1.42,,,,,,,,,,,,,,,,6.57,1.06,1.39,-6.44,7.11,0.00,9.02,,,,
1979,25.19,8.82,1.60,10.00,20.13,18.05,23.47,27.93,31.99,32.62,34.84,42.50,50.23,39.57,12.05,4.28,18.65,-4.40,11.80,3.26,4.47,,-0.85,3.32,7.58,2.78,6.75,-2.47,35.25,132.02,105.00,32.49,,,,13.54,6.20,22.55,19.83,-2.97,-1.56,4.78,-0.65,5.02,,5.58,-15.80,,,,13.97,,15.92,,17.59,,,,,,,,,,,,,,,,18.61,12.31,1.93,-6.71,10.31,0.00,13.29,,,,
1980,33.20,22.73,2.40,11.56,23.92,31.92,39.02,18.05,31.91,43.92,24.82,37.98,51.58,34.85,26.96,21.97,6.13,35.04,11.35,18.66,23.38,,-3.23,0.27,8.79,2.34,7.50,-0.64,23.75,11.77,59.85,9.93,,,34.72,22.58,11.88,22.62,23.61,-16.00,-10.35,5.30,4.67,7.43,,3.16,-23.23,,,,36.29,,27.96,,21.12,,,,,,,,,,,,,,,,32.50,25.77,2.71,-7.49,11.70,0.00,12.52,,,,
1981,-4.15,-4.50,5.92,14.69,0.78,-5.21,-11.72,7.90,1.87,-3.50,14.26,1.50,-9.70,2.78,-3.95,-2.83,-20.73,7.21,-12.96,5.35,-2.99,,0.06,6.19,12.49,5.46,11.43,2.58,5.40,-32.63,-31.86,-23.86,,,-4.03,2.90,8.67,16.76,0.53,-11.15,-7.40,8.30,8.85,11.14,,9.29,-25.72,,,,-6.93,,2.75,,10.10,,,,,,,,,,,,,,,,-4.92,-9.73,6.25,-5.97,15.08,0.00,8.92,,,,
1982,18.25,-1.93,32.22,10.99,19.51,20.97,19.93,31.47,22.66,19.62,27.90,24.34,20.39,24.93,10.56,-2.38,-32.09,-7.16,3.41,-1.34,-3.02,,41.34,34.00,20.84,31.33,23.25,38.72,20.95,11.23,28.40,10.36,,,17.61,24.55,23.30,21.72,19.22,38.56,31.06,10.15,28.62,24.93,,27.09,94.76,,,30.00,19.34,,20.87,,31.59,,,,,,,,,,,,,,,,21.55,14.76,32.62,17.29,11.47,0.00,3.83,,,,
1983,23.12,23.18,8.03,8.61,27.86,21.29,15.60,31.57,23.35,21.30,38.11,28.64,19.68,35.20,22.63,23.16,13.57,25.44,20.44,25.10,26.62,,1.68,3.99,8.79,6.90,8.64,8.89,30.08,-15.33,-14.76,15.13,,,22.98,23.57,18.60,30.06,27.55,9.49,6.48,5.06,6.59,9.11,,15.87,-21.14,,,16.69,16.19,,24.25,,25.20,,,,,,,,,,,,,,,,22.56,17.27,8.36,-3.08,8.72,0.00,3.79,,,,
1984,2.77,2.41,14.80,9.69,9.75,6.21,-1.27,3.23,1.05,-6.22,1.89,-7.64,-16.14,-14.76,5.23,6.93,16.23,12.66,0.20,2.53,2.82,,14.45,14.63,13.37,14.31,13.85,16.22,20.42,-19.46,-26.40,0.08,,,-2.03,10.70,16.64,19.47,9.47,8.55,9.53,6.80,14.38,14.23,,7.74,20.09,,,-1.04,8.26,,8.31,,14.62,,,,,,,,,,,,,,,,6.27,1.40,15.15,2.38,9.96,0.00,3.95,,,,
1985,32.19,50.00,21.74,7.50,31.08,31.23,32.42,31.38,31.51,32.17,30.51,30.55,30.47,26.21,41.02,55.50,26.91,38.43,78.16,60.84,50.67,,31.17,24.43,13.44,24.21,15.18,23.63,18.59,5.21,-7.93,8.94,14.43,45.76,31.58,28.53,27.41,28.03,30.76,20.77,17.33,6.95,21.97,14.90,25.68,21.99,72.10,15.79,10.70,32.06,32.76,32.25,32.09,32.63,36.59,,,,,,,,,,,,,,,,31.73,26.33,22.10,9.68,7.70,0.00,3.80,,,,
1986,15.77,64.44,14.92,5.92,19.59,18.06,14.98,17.42,17.75,17.11,7.00,5.28,3.19,1.76,42.05,68.71,10.98,92.61,43.24,67.27,56.78,,23.72,17.14,9.77,16.71,11.05,16.13,18.65,18.85,18.06,1.05,12.70,21.42,11.39,18.40,18.34,20.27,21.41,19.38,16.21,7.39,14.33,11.42,18.03,16.86,69.81,13.14,10.95,22.41,24.59,17.08,16.89,24.47,26.40,,,,,,,,,,,,,,,,18.67,14.62,15.26,5.18,6.17,0.00,1.10,,,,
1987,2.01,23.61,1.54,5.58,0.19,4.71,4.98,-2.54,-0.13,2.39,-7.44,-9.13,-10.80,-14.55,16.17,24.12,13.60,39.08,3.24,30.08,27.23,,-2.96,0.26,5.41,0.62,4.69,2.20,-4.03,23.91,40.50,22.60,6.13,-0.50,-3.81,2.28,-1.92,1.23,-2.14,-4.25,1.64,4.11,0.20,4.45,-0.55,2.65,-22.41,5.27,8.84,2.12,3.97,3.54,3.29,3.87,-0.48,,,,,,,,,,,,,,,,5.25,2.03,2.76,-6.00,5.85,0.00,4.43,,,,
1988,17.68,26.79,7.35,6.44,22.83,16.22,10.97,24.22,19.42,12.56,29.06,24.62,19.99,16.58,23.41,27.80,39.14,34.50,15.38,29.59,28.06,,8.86,6.06,5.85,7.16,5.98,8.84,13.07,-16.23,-12.45,26.77,21.37,28.41,19.75,16.11,13.61,28.70,24.72,12.24,10.00,5.61,9.70,6.95,6.22,13.56,13.33,7.74,8.68,6.88,15.45,15.54,19.43,15.34,19.97,,,,,,,,,,,,,,,,16.61,12.40,7.89,-1.40,6.61,0.00,4.42,,,,
1989,28.90,11.07,13.64,8.37,24.87,31.36,35.57,22.32,25.88,31.08,12.08,15.90,19.80,5.16,17.11,10.14,63.47,2.16,28.05,14.28,22.60,,18.66,14.88,10.58,14.58,11.43,13.76,8.45,-2.73,22.04,37.03,43.45,32.95,24.10,21.60,20.93,15.02,27.83,9.79,10.00,7.08,15.18,11.45,15.50,1.89,33.54,8.48,3.76,42.54,36.39,35.47,28.51,36.26,32.31,,,,,,,,,,,,,,,,31.69,27.25,14.53,4.73,8.36,0.00,4.65,,,,
1990,-6.39,-23.40,8.65,7.70,-8.33,-3.32,-0.53,-16.35,-11.78,-5.44,-22.02,-18.13,-17.67,-30.33,-16.87,-23.73,-11.37,-34.65,-4.23,-22.06,-22.85,-22.56,6.07,8.29,9.46,7.94,9.46,6.78,-15.66,-3.00,-17.20,27.90,-1.37,16.79,-14.05,-2.81,3.76,-15.50,-9.98,5.02,7.20,6.57,6.21,9.23,7.96,-5.85,-1.13,5.56,3.00,1.34,3.63,-2.18,-6.32,5.20,-5.80,,,,,,,,,,,,,,,,-3.10,-6.56,8.96,-0.32,7.77,0.00,6.11,,,,
1991,33.94,13.02,15.25,5.58,24.24,30.22,40.92,37.51,41.09,46.59,41.28,45.26,50.73,47.13,19.40,11.76,58.52,10.78,12.40,9.76,5.94,7.02,18.30,17.38,11.49,17.53,12.96,18.26,35.22,-10.07,-6.14,-6.97,0.28,46.32,41.85,23.65,21.57,28.55,28.70,11.47,12.16,7.20,20.90,13.08,17.90,29.01,25.81,13.93,10.60,36.67,42.12,28.68,28.89,37.96,23.65,,,,,,,,,,,,,,,,30.47,26.31,16.00,6.75,5.73,0.00,3.06,,,,
1992,8.74,-11.70,7.14,3.41,13.31,7.42,4.74,21.33,11.59,8.40,28.76,18.20,7.46,28.96,-4.63,-12.45,10.44,-18.17,-3.32,-11.62,-15.56,-15.32,7.75,7.11,6.08,7.70,6.61,8.42,14.20,-6.26,-3.09,3.50,6.18,-1.57,12.47,7.93,8.67,16.50,11.99,9.30,8.86,4.71,9.78,7.19,7.28,14.24,10.59,6.79,6.10,4.19,2.22,6.27,8.55,9.66,3.66,,,,,,,,,,,,,,,,7.62,4.46,7.40,-0.18,3.45,0.00,2.90,,,,
1993,10.62,33.81,9.68,2.99,18.25,9.89,1.53,15.45,15.32,15.06,19.76,18.70,15.66,22.36,24.36,32.14,73.33,35.46,29.13,39.25,30.53,34.03,17.04,11.17,5.18,12.04,6.91,11.90,19.25,16.78,78.68,-13.10,26.42,11.81,14.49,13.52,14.65,19.37,13.60,13.45,11.55,3.82,14.49,7.07,11.71,18.24,39.11,10.94,13.50,13.06,-2.00,11.67,10.23,3.89,8.94,,,,,,,,,,,,,,,,10.08,7.06,9.75,2.93,3.02,0.00,2.75,,,,
1994,-0.17,5.76,-2.66,3.99,-0.65,1.18,2.89,-3.37,-3.62,-3.91,-0.95,-0.51,-2.90,-6.34,5.36,7.43,-8.14,13.04,1.88,10.51,7.71,9.38,-7.81,-5.05,0.33,-4.68,-0.89,-4.15,2.82,-2.56,-15.46,4.36,-1.63,9.54,-1.76,-0.49,-4.44,-0.15,-1.16,-5.76,-2.12,1.63,-5.30,-0.08,-5.15,-1.71,-20.68,-3.85,-4.98,-1.23,5.64,-0.01,0.21,0.50,-1.59,,,,,,,,,,,,,,,,1.32,-1.54,-2.92,-9.53,4.04,0.00,2.67,,,,
1995,35.79,9.01,18.18,5.68,37.03,37.45,38.06,34.19,33.02,31.82,26.16,28.74,36.01,35.47,18.84,10.82,0.56,2.75,22.28,10.71,-0.29,2.97,30.43,20.21,10.64,21.03,12.89,21.94,12.51,0.60,11.20,19.26,25.32,45.17,33.80,32.92,28.91,30.15,38.83,18.72,13.64,5.99,26.40,12.74,20.91,19.15,63.10,17.65,16.97,42.11,39.69,36.38,39.15,34.08,43.95,,,,,,,,,,,,,,,,37.58,34.11,18.47,10.42,5.63,0.00,2.54,,,,
1996,20.96,5.85,3.58,5.26,21.78,22.88,23.74,21.09,20.11,18.57,23.15,18.12,13.54,16.99,12.66,5.68,15.83,-7.82,21.26,8.29,1.67,5.53,-1.07,1.77,4.85,2.55,4.55,3.03,35.42,-4.91,19.92,32.72,34.00,21.36,17.65,16.19,9.42,26.36,24.18,4.42,4.20,3.69,1.20,4.79,1.67,9.55,-9.39,6.75,11.73,29.64,30.16,14.81,22.98,20.41,22.19,,,,,,,,,,,,,,,,22.96,20.26,3.63,-3.24,5.12,0.00,3.32,,,,
1997,30.99,-0.77,9.44,5.29,29.77,33.19,36.34,36.69,28.21,20.25,34.34,24.59,14.23,21.19,14.77,1.44,-16.82,-25.67,24.23,0.99,-19.05,-10.19,14.85,9.53,6.45,9.41,7.04,9.96,18.77,-22.12,-39.39,-14.83,14.89,28.57,26.69,23.23,20.19,21.97,32.37,9.29,7.06,4.07,13.78,6.95,1.83,11.91,28.78,9.84,10.55,36.70,32.77,30.03,32.45,34.95,33.97,,,,,,,,,,,,,,,,33.36,31.01,9.65,2.46,5.15,0.00,1.70,,,,
1998,23.26,15.60,8.58,5.16,14.64,28.62,42.21,1.23,8.99,16.93,-5.35,-2.61,6.37,-6.59,22.13,19.58,-18.12,2.41,28.86,17.10,4.53,10.46,13.30,11.51,6.80,10.09,7.63,8.30,-16.32,-1.08,-8.64,-36.31,-20.53,40.80,8.35,12.06,11.84,0.81,16.36,6.02,5.76,4.32,9.21,6.57,3.69,5.62,19.52,9.44,11.73,48.56,45.10,22.67,17.82,16.38,16.71,,,,,,,,,,,,,,,,28.58,26.67,8.69,2.04,4.81,0.00,1.61,,,,
1999,23.81,29.92,-0.76,4.74,12.57,21.07,28.76,1.91,15.52,70.06,3.35,23.13,19.80,40.04,25.87,26.52,61.57,57.05,16.66,23.53,32.02,10.77,-8.92,-4.14,2.69,-3.00,2.08,-2.85,-4.04,0.70,8.36,39.69,20.98,7.04,36.22,4.41,-4.14,11.57,-5.81,-3.53,-0.50,2.58,-6.23,3.31,2.14,2.49,-19.99,0.48,1.83,40.24,26.06,7.50,8.42,-5.73,-4.99,,,,,,,,,,,,,,,,21.04,19.53,-0.82,-7.03,4.59,0.00,2.68,,,,
2000,-10.57,-15.61,11.39,5.99,6.09,-9.04,-22.20,22.13,18.39,-26.49,21.88,-2.64,1.59,-18.85,-11.73,-14.29,-27.56,-25.74,-8.21,-3.62,-18.47,-1.40,20.00,13.68,7.81,12.78,8.84,9.99,26.35,-6.71,-18.05,48.44,36.43,60.56,-15.54,10.40,16.17,15.89,16.86,13.32,9.24,4.91,11.76,8.17,12.88,-0.88,33.10,9.99,8.78,-9.72,-6.91,2.55,3.52,9.71,8.54,,,,,,,,,,,,,,,,-9.10,-10.14,11.63,4.21,5.89,0.00,3.39,,,,
2001,-10.89,-20.15,8.43,4.16,-11.83,-11.98,-12.88,8.55,-0.39,-20.60,13.70,3.17,-0.78,16.86,-16.44,-21.94,-2.88,-26.32,-20.30,-18.93,-15.04,-9.87,4.03,7.70,8.20,9.28,8.88,9.28,12.41,0.99,24.99,-32.49,-2.57,-6.88,-9.14,4.22,7.39,5.75,-3.37,4.59,5.10,4.79,9.64,8.19,7.66,2.91,-0.80,6.95,6.01,-17.39,-10.51,-8.03,1.48,10.47,-4.93,,,,,,,,,,,,,,,,-11.89,-13.04,8.44,1.97,3.72,0.00,1.55,,,,
2002,-20.95,-15.08,8.32,1.69,-20.85,-22.10,-23.62,-11.83,-14.55,-23.26,-14.20,-19.95,-15.41,-16.62,-19.19,-15.62,-7.43,-9.22,-17.85,-16.29,-6.13,-1.95,16.59,12.54,5.69,10.91,6.15,11.03,3.73,23.44,64.28,30.99,-0.56,-11.28,-18.02,-6.81,4.72,-22.20,-16.79,10.18,7.97,3.54,13.32,5.29,16.31,1.78,20.23,8.16,6.56,-12.34,-21.40,-15.49,-16.06,-10.16,-13.53,,,,,,,,,,,,,,,,-22.10,-23.37,10.26,4.39,1.67,0.00,2.38,,,,
2003,31.42,40.34,4.04,0.99,32.36,28.59,26.03,30.79,34.24,40.85,37.19,45.76,42.88,65.33,35.72,38.67,57.65,38.58,38.84,44.68,56.89,56.44,2.33,2.14,1.76,5.70,3.43,8.75,35.78,21.23,32.09,19.74,33.89,26.69,43.51,20.90,9.78,37.11,30.22,5.28,4.53,1.70,6.36,4.28,8.18,17.27,0.33,2.85,2.17,25.89,23.51,19.72,32.82,24.97,23.89,,,,,,,,,,,,,,,,28.68,26.38,4.10,-0.43,1.03,0.00,1.88,,,,
2004,12.61,20.84,4.33,1.18,15.40,10.82,7.31,23.84,20.42,15.17,23.55,20.02,16.06,13.47,16.66,20.25,26.12,18.96,20.96,23.86,28.81,35.19,7.59,2.94,0.80,5.30,1.77,5.81,30.81,4.57,-9.79,16.36,36.73,9.59,18.82,11.34,7.70,13.52,18.44,4.18,3.29,1.17,9.06,2.19,8.21,8.61,15.52,4.67,5.04,16.64,8.46,14.29,19.66,15.13,11.51,,,,,,,,,,,,,,,,10.88,8.99,4.34,-0.48,1.23,0.00,3.26,,,,
2005,6.09,15.57,2.49,2.94,7.20,4.87,5.21,11.45,14.04,15.13,6.07,7.49,8.64,1.95,11.62,13.60,32.05,22.73,9.36,13.34,22.22,24.88,6.39,1.39,1.51,1.82,1.38,1.12,12.01,16.68,40.70,24.57,44.67,15.54,10.47,6.99,3.56,5.12,7.15,3.15,2.31,1.72,5.27,2.30,2.65,2.91,17.20,4.06,5.20,19.09,5.22,6.42,12.96,3.39,3.40,,,,,,,,,,,,,,,,4.91,3.00,2.43,-2.43,3.04,0.00,3.42,,,,
2006,15.63,26.64,4.36,4.70,22.27,15.75,9.13,19.60,13.69,10.94,19.24,15.78,11.95,14.75,22.08,26.27,29.47,12.10,33.57,29.96,26.41,35.79,1.74,3.08,3.81,3.98,4.16,4.17,35.16,22.33,25.43,-15.72,19.75,10.97,14.43,15.07,11.39,19.44,18.37,5.24,4.51,3.34,2.99,5.11,0.29,8.38,-2.80,3.42,2.98,10.54,12.56,14.74,19.47,16.97,20.75,,,,,,,,,,,,,,,,15.79,13.62,4.33,-1.02,4.76,0.00,2.54,,,,
2007,5.57,15.52,7.02,4.78,0.18,5.47,12.70,-4.27,6.17,17.44,-7.07,1.24,9.63,-8.76,12.07,11.15,39.09,4.85,13.93,5.84,10.43,5.19,9.70,9.95,7.20,7.70,7.31,4.21,-16.39,30.95,24.93,31.44,37.11,4.50,4.48,8.48,5.76,-3.14,2.32,2.61,3.50,4.27,3.86,5.98,11.46,2.17,11.19,5.12,4.06,17.60,9.88,4.13,0.89,5.61,1.65,,,,,,,,,,,,,,,,5.49,3.53,6.97,1.42,4.72,0.00,4.08,,,,
2008,-36.99,-44.10,5.15,2.10,-35.90,-36.97,-38.22,-36.53,-41.78,-47.02,-32.05,-36.00,-40.00,-39.62,-42.41,-41.27,-52.76,-34.25,-44.67,-43.92,-50.38,-44.93,23.89,14.62,6.56,5.01,5.51,-7.07,-36.98,5.45,-20.49,-47.47,-42.83,-18.39,-38.63,-22.23,-9.79,-41.04,-36.63,-4.80,-0.07,3.81,2.40,-4.65,-2.52,-21.19,55.41,5.36,5.53,-40.99,-31.37,-25.79,-37.06,-26.51,-32.40,,,,,,,,,,,,,,,,-37.00,-38.49,5.24,-0.09,1.59,0.00,0.09,,,,
2009,28.83,36.73,6.04,0.25,19.72,26.62,36.42,37.75,40.48,42.85,30.34,36.33,41.85,24.82,33.58,28.27,76.18,21.23,32.04,33.81,62.34,41.08,-13.05,-3.12,0.65,6.89,4.38,21.20,29.76,23.45,38.00,15.14,38.48,21.03,37.65,22.34,16.14,34.89,27.17,14.17,10.30,3.15,8.89,14.17,11.38,39.27,-36.67,4.86,4.20,17.44,24.73,18.15,38.57,19.31,17.59,,,,,,,,,,,,,,,,26.46,23.45,5.93,1.42,0.14,0.00,2.72,,,,
2010,17.26,11.04,6.54,0.01,14.45,15.05,17.12,21.83,25.59,29.11,24.82,27.89,30.69,28.81,13.02,8.36,18.99,15.93,5.01,3.18,25.23,28.69,9.39,6.96,2.20,9.49,4.03,10.67,28.49,27.93,35.25,7.83,13.49,6.21,27.57,11.04,10.71,14.91,10.70,1.58,2.22,1.03,10.85,5.32,6.10,12.53,10.27,4.34,3.07,18.02,14.02,14.53,12.51,14.65,14.13,,,,,,,,,,,,,,,,15.06,12.78,6.54,2.81,0.13,0.00,1.50,,,,
2011,1.08,-14.52,7.69,0.02,1.14,2.08,1.87,-0.29,-1.97,-3.68,-4.09,-2.69,-1.53,-9.52,-7.74,-12.51,-18.67,-13.89,-11.49,-12.24,-18.94,-14.56,28.88,9.66,1.46,10.73,3.08,7.94,8.62,8.66,-16.34,-3.25,-1.68,11.51,-3.59,3.95,9.74,-3.95,2.78,10.78,9.71,1.68,17.30,2.02,13.40,7.24,55.81,5.11,3.73,5.93,7.32,12.70,-2.80,6.18,10.47,,,,,,,,,,,,,,,,2.11,0.00,7.84,4.25,0.07,0.00,2.96,,,,
2012,16.38,18.21,4.15,0.02,15.18,15.96,17.01,16.02,15.99,15.96,18.77,18.24,17.66,19.42,17.30,18.56,18.86,15.61,20.99,17.52,19.08,24.72,3.49,2.63,0.37,7.02,2.05,11.39,17.69,8.37,-12.43,-0.61,2.73,15.17,18.48,12.67,10.10,20.94,16.80,8.16,5.78,1.07,11.77,4.63,6.80,14.47,3.18,5.68,6.25,14.93,12.60,11.04,16.61,11.59,12.64,,,,,,,,,,,,,,,,16.00,13.41,4.21,1.44,0.08,0.00,1.74,,,,
2013,33.52,15.14,-2.15,0.01,33.05,32.33,32.40,37.66,35.15,32.22,36.58,37.81,38.22,45.39,22.94,22.06,-5.02,17.55,24.89,22.61,17.66,29.37,-12.74,-2.74,0.30,-3.45,0.17,-1.79,2.42,-27.96,-51.41,-2.04,18.22,43.27,38.37,19.76,9.27,36.23,30.80,-2.88,-1.48,0.56,-5.77,1.07,-8.65,4.64,-20.94,-0.20,1.06,34.60,34.10,25.11,42.95,28.96,30.22,,,,,,,,,,,,,,,,32.39,29.60,-2.02,-4.59,0.06,0.00,1.50,,,,
2014,12.56,-4.17,5.89,0.01,13.18,13.64,13.63,13.98,13.76,13.48,10.55,7.50,4.02,3.53,3.94,-5.66,0.60,-4.54,-6.55,-5.65,-4.70,-5.97,25.03,4.22,0.50,6.96,1.26,7.45,30.32,-0.44,-8.51,-33.60,-14.22,28.57,7.56,9.90,8.15,11.91,11.26,11.15,7.33,0.73,18.28,1.86,3.49,4.69,45.64,7.47,8.82,14.48,11.62,16.34,12.29,10.04,13.44,,,,,,,,,,,,,,,,13.69,11.39,5.97,3.01,0.03,0.00,0.76,,,,
2015,0.39,-4.26,0.40,0.02,-0.86,1.36,3.30,-1.80,-1.34,-0.98,-4.65,-3.64,-2.52,-5.05,-1.91,-0.18,-15.35,2.43,-1.88,-5.89,-0.23,2.12,-1.34,1.65,0.51,1.27,0.92,0.93,2.39,-11.65,-17.88,-33.47,-21.44,12.71,-3.27,0.14,1.35,-3.24,-3.14,4.05,2.94,0.53,-2.11,1.13,-1.59,-1.30,-4.45,0.81,1.06,9.12,5.56,5.50,-3.54,-1.93,0.30,,,,,,,,,,,,,,,,1.38,-0.73,0.55,-2.12,0.03,0.00,0.73,,,,
2016,12.66,4.67,2.60,0.25,16.86,11.93,6.12,15.26,11.22,6.75,24.78,18.30,10.73,20.53,8.74,2.45,11.73,5.29,-0.63,4.87,4.30,2.01,1.30,1.10,0.78,2.83,1.49,5.30,8.50,8.85,47.28,9.92,33.18,-8.94,16.13,11.09,8.16,12.64,13.49,0.73,0.19,0.46,7.92,2.82,4.56,11.30,1.52,3.81,4.66,4.89,9.18,10.50,15.68,11.79,16.84,,,,,,,,,,,,,,,,11.96,9.54,2.65,0.03,0.28,0.00,2.07,,,,
2017,21.17,27.55,3.56,0.79,17.13,21.79,27.80,17.04,19.25,21.83,11.80,16.24,21.92,12.73,24.15,26.40,31.38,28.62,27.05,21.22,30.24,29.33,8.69,1.63,0.40,3.85,1.18,5.52,4.94,11.58,8.63,4.48,3.26,19.66,18.11,14.82,10.26,19.20,16.89,6.54,4.64,1.10,12.04,2.12,2.92,7.13,13.52,2.99,2.39,37.60,22.26,18.97,21.97,22.22,16.38,,,,,,,,,,,,,,,,21.83,19.42,3.54,0.72,0.87,0.00,2.11,,,,
2018,-5.17,-14.43,-0.03,1.80,-5.43,-4.43,-3.34,-12.42,-9.23,-5.60,-12.23,-9.31,-5.68,-13.08,-9.69,-14.46,-14.58,-13.89,-14.79,-14.88,-18.47,-20.40,-1.67,1.30,1.46,-0.17,1.35,-1.77,-5.95,-1.39,-13.00,-14.28,-17.08,1.21,-9.36,-3.35,-2.49,-12.36,-8.53,0.98,1.33,1.67,-5.86,0.96,-1.43,-2.87,-3.51,1.51,2.93,-1.77,-5.77,1.36,-11.18,-2.03,-5.90,,,,,,,,,,,,,,,,-4.38,-6.24,0.01,-2.97,1.86,0.00,1.91,,,,
2019,30.80,21.51,8.71,2.14,25.82,31.46,37.23,27.99,31.03,33.86,22.76,27.37,32.76,22.46,26.79,22.05,20.31,17.58,24.25,15.97,21.65,24.41,14.30,6.26,3.51,10.18,4.86,13.99,28.94,18.54,35.50,16.08,13.29,22.98,28.03,22.61,16.47,30.52,29.16,8.57,6.87,2.46,20.52,5.84,8.28,15.91,19.14,8.35,7.88,27.57,34.14,27.77,27.47,29.68,24.17,,,,,,,,,,,,,,,,31.49,28.88,8.72,5.63,2.14,0.00,2.29,,,,
2020,20.99,11.28,7.72,0.47,2.29,18.37,40.19,2.54,18.24,34.48,5.85,19.11,35.28,20.67,16.69,10.26,15.24,16.57,6.44,-2.78,11.91,2.32,17.69,7.65,3.09,9.79,4.69,9.52,-4.65,23.86,26.85,-24.26,-30.79,12.67,32.21,10.68,8.54,7.52,14.53,6.29,5.21,1.90,15.47,5.25,10.91,5.39,24.22,6.22,4.54,29.69,16.96,5.60,-0.32,15.46,1.14,,,,,,,,,,,,,,,,18.40,16.26,7.51,5.25,0.47,0.00,1.36,,,,
2021,25.71,8.62,-1.67,0.01,26.49,28.66,27.26,28.76,24.51,20.48,28.09,17.73,5.70,18.85,18.19,11.43,0.86,1.49,16.33,10.82,12.70,17.02,-5.05,-2.60,-0.69,-2.36,-1.08,-1.48,40.40,-3.99,-10.44,39.02,27.79,14.36,12.45,19.12,8.57,28.13,29.08,2.34,1.18,0.25,-2.29,-0.34,5.52,3.78,-6.52,-2.06,-2.22,13.45,26.90,20.80,28.98,23.62,26.13,,,,,,,,,,,,,,,,28.71,26.89,-1.54,-3.37,0.05,0.00,7.04,,,,
2022,-19.53,-16.01,-13.16,1.50,-2.08,-18.15,-33.14,-7.90,-18.71,-28.84,-9.31,-17.61,-28.39,-22.11,-18.01,-15.32,-17.78,-15.23,-16.05,-5.38,-21.29,-14.07,-29.47,-10.69,-3.87,-13.27,-5.54,-14.09,-26.20,-0.67,-13.46,24.09,23.80,-1.01,-26.47,-14.26,-9.01,-2.96,-13.14,-10.36,-6.83,-0.73,-25.55,-5.75,-12.13,-8.97,-39.39,-12.92,-12.92,-18.23,-20.39,-9.35,-14.14,-9.80,-0.44,,,,,,,,,,,,,,,,-18.11,-19.44,-13.01,-14.80,1.72,0.00,6.45,,,,
2023,26.01,15.48,5.70,5.05,9.24,26.24,46.77,9.76,15.98,23.14,15.99,18.20,21.41,9.09,21.87,17.67,9.18,15.57,20.00,18.87,15.14,17.02,3.65,4.39,4.22,6.07,4.87,8.87,11.81,13.52,-0.36,-5.34,8.87,5.48,25.38,14.41,7.08,15.03,21.07,7.64,5.90,3.95,9.38,6.17,3.68,11.74,2.13,7.19,8.77,9.10,30.84,10.21,14.26,14.46,6.51,,,,,,,,,,,,,,,,26.29,24.23,5.53,-2.24,5.11,0.00,3.35,,,,
2024,23.74,5.18,1.24,5.24,15.99,24.97,32.66,14.03,15.22,16.41,12.39,14.23,16.49,13.45,16.43,3.04,10.98,1.24,2.03,5.40,2.57,5.11,-6.49,1.29,4.03,1.51,3.73,3.28,4.92,26.28,14.93,8.25,10.65,-1.53,16.91,14.88,5.99,9.97,14.29,1.92,1.78,3.20,-2.70,5.06,1.89,6.39,-13.27,2.44,3.72,32.88,22.23,15.83,7.21,16.99,17.59,,,,,,,,,,,,,,,,25.02,23.31,1.25,0.90,5.14,0.00,2.89,,,,
2025,17.12,32.18,7.15,4.23,15.26,17.83,19.43,12.05,11.67,10.69,9.09,8.83,8.44,22.80,22.43,35.17,24.75,33.14,35.42,42.36,29.87,43.10,5.42,7.41,5.08,8.56,6.08,9.36,3.19,64.60,142.93,6.19,20.71,17.38,11.42,16.57,11.09,13.42,18.69,3.92,5.11,4.04,7.30,6.85,6.71,9.46,1.27,5.03,2.96,22.10,12.65,7.68,32.65,14.16,15.39,,,,,,,,,,,,,,,,17.88,16.39,7.30,3.11,4.19,0.00,2.68,,,,
2026,,,,,,,,,,,,,,,,,,,,,,,,,,,,,,,,,,,,,,,,,,,,,,,,,,,,,,,,,,,,,,,,,,,,,,,,,,,,,,,,,
2027,,,,,,,,,,,,,,,,,,,,,,,,,,,,,,,,,,,,,,,,,,,,,,,,,,,,,,,,,,,,,,,,,,,,,,,,,,,,,,,,,
2028,,,,,,,,,,,,,,,,,,,,,,,,,,,,,,,,,,,,,,,,,,,,,,,,,,,,,,,,,,,,,,,,,,,,,,,,,,,,,,,,,
2029,,,,,,,,,,,,,,,,,,,,,,,,,,,,,,,,,,,,,,,,,,,,,,,,,,,,,,,,,,,,,,,,,,,,,,,,,,,,,,,,,
2030,,,,,,,,,,,,,,,,,,,,,,,,,,,,,,,,,,,,,,,,,,,,,,,,,,,,,,,,,,,,,,,,,,,,,,,,,,,,,,,,,
2031,,,,,,,,,,,,,,,,,,,,,,,,,,,,,,,,,,,,,,,,,,,,,,,,,,,,,,,,,,,,,,,,,,,,,,,,,,,,,,,,,
2032,,,,,,,,,,,,,,,,,,,,,,,,,,,,,,,,,,,,,,,,,,,,,,,,,,,,,,,,,,,,,,,,,,,,,,,,,,,,,,,,,
2033,,,,,,,,,,,,,,,,,,,,,,,,,,,,,,,,,,,,,,,,,,,,,,,,,,,,,,,,,,,,,,,,,,,,,,,,,,,,,,,,,
2034,,,,,,,,,,,,,,,,,,,,,,,,,,,,,,,,,,,,,,,,,,,,,,,,,,,,,,,,,,,,,,,,,,,,,,,,,,,,,,,,,
2035,,,,,,,,,,,,,,,,,,,,,,,,,,,,,,,,,,,,,,,,,,,,,,,,,,,,,,,,,,,,,,,,,,,,,,,,,,,,,,,,,
,,,,,,,,,,,,,,,,,,,,,,,,,,,,,,,,,,,,,,,,,,,,,,,,,,,,,,,,,,,,,,,,,,,,,,,,,,,,,,,,,
,,,,,,,,,, , , , ,,,,,,,,,,,,,,,,,,,,,,,,,,,,,,,,,,,,,,,,,,,,,,,,,,,,,,,,,,,,,,,,,,,,
Inflation-adjusted,,,,,,,,,,,,,,,,,,,,,,,,,,,,,,,,,,,,,,,,,,,,,,,,,,,,,,,,,,,,,,,,,,,,,,,,,,,,,,,,,
Real returns,,Minimum for the Year,,,Maximum for the year,,,,,,,,,,,,,,,,,,,,,,,,,,,,,,,,,,,,,,,,,,,,,,,,,,,,,,,,,,,,,,,,,,,,,,,,,,,,
1871,13.56,,0.97,4.44,,13.56,,,,,,,,,,,,,,,,,5.19,0.97,1.92,1.22,1.10,1.17,,,,,,,,,,,,,,,,,,,,,,,,,,,,,,,,,,,,,,,,,,,13.91,7.81,1.27,-4.12,4.75,-1.50,0.00,,,,
1872,8.46,,-0.68,5.11,,8.46,,,,,,,,,,,,,,,,,0.59,-0.68,2.75,-1.07,1.54,-1.11,,,,,,,,,,,,,,,,,,,,,,,,,,,,,,,,,,,,,,,,,,,8.78,2.82,-0.39,-5.86,5.43,-2.21,0.00,,,,
1873,1.73,,8.80,13.02,,1.73,,,,,,,,,,,,,,,,,7.68,8.80,13.37,7.92,12.45,7.86,,,,,,,,,,,,,,,,,,,,,,,,,,,,,,,,,,,,,,,,,,,2.03,-4.60,9.13,3.07,13.36,4.62,0.00,,,,
1874,12.16,,21.87,14.47,,12.16,,,,,,,,,,,,,,,,,17.01,21.87,21.82,20.83,23.50,20.77,,,,,,,,,,,,,,,,,,,,,,,,,,,,,,,,,,,,,,,,,,,12.50,4.67,22.24,15.86,14.81,7.44,0.00,,,,
1875,11.49,,12.75,11.07,,11.49,,,,,,,,,,,,,,,,,19.17,12.75,10.92,13.30,11.01,13.24,,,,,,,,,,,,,,,,,,,,,,,,,,,,,,,,,,,,,,,,,,,11.82,4.27,13.09,7.31,11.40,6.14,0.00,,,,
1876,-15.17,,6.00,4.11,,-15.17,,,,,,,,,,,,,,,,,7.79,6.00,5.20,6.04,5.57,5.99,,,,,,,,,,,,,,,,,,,,,,,,,,,,,,,,,,,,,,,,,,,-14.92,-21.10,6.32,1.06,4.42,-0.87,0.00,,,,
1877,16.62,,22.58,24.15,,16.62,,,,,,,,,,,,,,,,,25.31,22.58,22.90,22.72,22.52,22.66,,,,,,,,,,,,,,,,,,,,,,,,,,,,,,,,,,,,,,,,,,,16.97,8.54,22.95,16.97,24.52,18.56,0.00,,,,
1878,29.23,,18.38,16.61,,29.23,,,,,,,,,,,,,,,,,17.55,18.38,18.37,18.15,18.77,18.09,,,,,,,,,,,,,,,,,,,,,,,,,,,,,,,,,,,,,,,,,,,29.62,22.81,18.74,13.16,16.96,11.49,0.00,,,,
1879,23.43,,-14.91,-13.88,,23.43,,,,,,,,,,,,,,,,,-12.60,-14.91,-14.58,-14.80,-14.95,-14.84,,,,,,,,,,,,,,,,,,,,,,,,,,,,,,,,,,,,,,,,,,,23.80,18.27,-14.66,-18.62,-13.63,-17.14,0.00,,,,
1880,33.96,,11.39,11.13,,33.96,,,,,,,,,,,,,,,,,14.26,11.39,11.46,11.38,11.45,11.32,,,,,,,,,,,,,,,,,,,,,,,,,,,,,,,,,,,,,,,,,,,34.37,28.48,11.72,6.73,11.47,6.06,0.00,,,,
1881,-7.47,,-4.48,-3.33,,-7.47,,,,,,,,,,,,,,,,,-1.52,-4.48,-4.03,-4.42,-4.34,-4.47,,,,,,,,,,,,,,,,,,,,,,,,,,,,,,,,,,,,,,,,,,,-7.19,-11.51,-4.19,-8.27,-3.04,-7.48,0.00,,,,
1882,5.27,,4.79,6.94,,5.27,,,,,,,,,,,,,,,,,6.16,4.79,6.44,4.52,5.99,4.46,,,,,,,,,,,,,,,,,,,,,,,,,,,,,,,,,,,,,,,,,,,5.59,0.01,5.10,0.78,7.26,1.90,0.00,,,,
1883,2.01,,12.63,13.69,,2.01,,,,,,,,,,,,,,,,,11.35,12.63,14.64,12.05,14.50,11.99,,,,,,,,,,,,,,,,,,,,,,,,,,,,,,,,,,,,,,,,,,,2.31,-3.49,12.97,8.49,14.03,8.25,0.00,,,,
1884,-2.60,,15.60,17.44,,-2.60,,,,,,,,,,,,,,,,,15.88,15.60,17.04,15.25,16.83,15.19,,,,,,,,,,,,,,,,,,,,,,,,,,,,,,,,,,,,,,,,,,,-2.31,-8.74,15.95,11.47,17.79,11.49,0.00,,,,
1885,34.13,,8.83,7.62,,34.13,,,,,,,,,,,,,,,,,9.61,8.83,8.59,8.75,8.85,8.70,,,,,,,,,,,,,,,,,,,,,,,,,,,,,,,,,,,,,,,,,,,34.54,27.02,9.16,5.14,7.95,3.57,0.00,,,,
1886,11.61,,0.52,3.94,,11.61,,,,,,,,,,,,,,,,,3.56,0.52,1.70,0.63,0.93,0.58,,,,,,,,,,,,,,,,,,,,,,,,,,,,,,,,,,,,,,,,,,,11.94,7.31,0.82,-2.86,4.26,0.00,0.00,,,,
1887,-5.43,,-3.39,0.99,,-5.43,,,,,,,,,,,,,,,,,-6.01,-3.39,-0.23,-4.07,-0.87,-4.12,,,,,,,,,,,,,,,,,,,,,,,,,,,,,,,,,,,,,,,,,,,-5.15,-9.16,-3.10,-6.63,1.29,-4.55,0.00,,,,
1888,7.89,,10.27,9.70,,7.89,,,,,,,,,,,,,,,,,10.49,10.27,10.81,9.96,10.98,9.91,,,,,,,,,,,,,,,,,,,,,,,,,,,,,,,,,,,,,,,,,,,8.21,3.38,10.60,6.67,10.02,4.76,0.00,,,,
1889,12.08,,7.37,9.59,,12.08,,,,,,,,,,,,,,,,,12.27,7.37,7.76,7.58,7.24,7.52,,,,,,,,,,,,,,,,,,,,,,,,,,,,,,,,,,,,,,,,,,,12.42,7.81,7.69,3.88,9.92,5.00,0.00,,,,
1890,-8.72,,-1.46,2.53,,-8.72,,,,,,,,,,,,,,,,,-2.83,-1.46,1.35,-1.96,0.66,-2.01,,,,,,,,,,,,,,,,,,,,,,,,,,,,,,,,,,,,,,,,,,,-8.45,-12.23,-1.17,-4.69,2.84,-2.44,0.00,,,,
1891,26.22,,11.98,12.51,,26.22,,,,,,,,,,,,,,,,,9.28,11.98,13.78,11.22,13.94,11.16,,,,,,,,,,,,,,,,,,,,,,,,,,,,,,,,,,,,,,,,,,,26.60,21.24,12.32,8.35,12.85,6.49,0.00,,,,
1892,-1.81,,-5.50,-3.87,,-1.81,,,,,,,,,,,,,,,,,-3.42,-5.50,-5.02,-5.40,-5.43,-5.45,,,,,,,,,,,,,,,,,,,,,,,,,,,,,,,,,,,,,,,,,,,-1.52,-5.55,-5.22,-8.54,-3.59,-7.23,0.00,,,,
1893,-6.67,,20.45,24.73,,-6.67,,,,,,,,,,,,,,,,,16.28,20.45,24.06,19.34,23.92,19.28,,,,,,,,,,,,,,,,,,,,,,,,,,,,,,,,,,,,,,,,,,,-6.39,-11.23,20.81,16.40,25.10,15.28,0.00,,,,
1894,7.73,,10.43,7.49,,7.73,,,,,,,,,,,,,,,,,11.28,10.43,9.05,10.56,9.58,10.50,,,,,,,,,,,,,,,,,,,,,,,,,,,,,,,,,,,,,,,,,,,8.06,2.66,10.76,6.91,7.81,4.35,0.00,,,,
1895,3.15,,-1.63,1.31,,3.15,,,,,,,,,,,,,,,,,1.43,-1.63,-1.15,-1.28,-1.89,-1.33,,,,,,,,,,,,,,,,,,,,,,,,,,,,,,,,,,,,,,,,,,,3.46,-0.96,-1.33,-4.81,1.62,-1.43,0.00,,,,
1896,5.94,,6.87,8.55,,5.94,,,,,,,,,,,,,,,,,6.31,6.87,8.50,6.40,8.35,6.35,,,,,,,,,,,,,,,,,,,,,,,,,,,,,,,,,,,,,,,,,,,6.26,1.74,7.19,3.35,8.87,2.94,0.00,,,,
1897,16.58,,2.56,0.19,,16.58,,,,,,,,,,,,,,,,,3.88,2.56,1.86,2.55,2.23,2.50,,,,,,,,,,,,,,,,,,,,,,,,,,,,,,,,,,,,,,,,,,,16.93,12.34,2.87,-0.71,0.49,-2.86,0.00,,,,
1898,27.14,,2.93,1.78,,27.14,,,,,,,,,,,,,,,,,4.25,2.93,2.63,2.93,2.79,2.88,,,,,,,,,,,,,,,,,,,,,,,,,,,,,,,,,,,,,,,,,,,27.52,22.84,3.24,-0.33,2.09,-1.41,0.00,,,,
1899,-11.57,,-15.00,-11.85,,-11.57,,,,,,,,,,,,,,,,,-12.28,-15.00,-14.04,-14.83,-14.79,-14.88,,,,,,,,,,,,,,,,,,,,,,,,,,,,,,,,,,,,,,,,,,,-11.31,-14.18,-14.74,-17.67,-11.58,-14.46,0.00,,,,
1900,23.57,,6.16,6.90,,23.57,,,,,,,,,,,,,,,,,5.91,6.16,7.03,5.86,7.01,5.81,,,,,,,,,,,,,,,,,,,,,,,,,,,,,,,,,,,,,,,,,,,23.94,18.76,6.47,3.17,7.22,2.47,0.00,,,,
1901,16.24,,-0.86,1.48,,16.24,,,,,,,,,,,,,,,,,-0.89,-0.86,0.58,-1.08,0.17,-1.13,,,,,,,,,,,,,,,,,,,,,,,,,,,,,,,,,,,,,,,,,,,16.59,12.08,-0.56,-3.66,1.79,-2.41,0.00,,,,
1902,-1.53,,-8.15,-4.77,,-1.53,,,,,,,,,,,,,,,,,-7.29,-8.15,-6.41,-8.32,-7.05,-8.37,,,,,,,,,,,,,,,,,,,,,,,,,,,,,,,,,,,,,,,,,,,-1.23,-4.97,-7.87,-10.79,-4.49,-8.79,0.00,,,,
1903,-13.53,,6.64,10.02,,-13.53,,,,,,,,,,,,,,,,,4.34,6.64,9.43,6.00,8.93,5.95,,,,,,,,,,,,,,,,,,,,,,,,,,,,,,,,,,,,,,,,,,,-13.28,-17.41,6.96,3.51,10.35,4.60,0.00,,,,
1904,28.75,,3.19,1.69,,28.75,,,,,,,,,,,,,,,,,2.29,3.19,3.28,2.89,3.66,2.83,,,,,,,,,,,,,,,,,,,,,,,,,,,,,,,,,,,,,,,,,,,29.13,23.36,3.50,0.21,2.00,-2.25,0.00,,,,
1905,20.94,,0.41,3.86,,20.94,,,,,,,,,,,,,,,,,2.26,0.41,1.65,0.46,0.94,0.41,,,,,,,,,,,,,,,,,,,,,,,,,,,,,,,,,,,,,,,,,,,21.31,17.08,0.71,-2.57,4.17,0.00,0.00,,,,
1906,-3.92,,-3.84,0.63,,-3.92,,,,,,,,,,,,,,,,,-4.43,-3.84,-1.15,-4.22,-1.95,-4.27,,,,,,,,,,,,,,,,,,,,,,,,,,,,,,,,,,,,,,,,,,,-3.63,-7.31,-3.55,-6.82,0.93,-4.30,0.00,,,,
1907,-22.75,,1.61,8.24,,-22.75,,,,,,,,,,,,,,,,,-1.23,1.61,5.67,0.98,4.56,0.92,,,,,,,,,,,,,,,,,,,,,,,,,,,,,,,,,,,,,,,,,,,-22.52,-26.77,1.92,-1.68,8.56,2.20,0.00,,,,
1908,34.57,,7.59,1.65,,34.57,,,,,,,,,,,,,,,,,5.99,7.59,6.20,7.12,7.59,7.07,,,,,,,,,,,,,,,,,,,,,,,,,,,,,,,,,,,,,,,,,,,34.97,28.04,7.92,4.19,1.96,-3.19,0.00,,,,
1909,4.70,,-8.55,-6.60,,4.70,,,,,,,,,,,,,,,,,-7.58,-8.55,-8.09,-8.40,-8.52,-8.44,,,,,,,,,,,,,,,,,,,,,,,,,,,,,,,,,,,,,,,,,,,5.02,0.56,-8.27,-11.53,-6.32,-9.62,0.00,,,,
1910,3.28,,11.42,12.52,,3.28,,,,,,,,,,,,,,,,,8.96,11.42,12.82,10.94,12.77,10.89,,,,,,,,,,,,,,,,,,,,,,,,,,,,,,,,,,,,,,,,,,,3.59,-1.40,11.75,7.64,12.86,7.22,0.00,,,,
1911,4.29,,4.90,4.77,,4.29,,,,,,,,,,,,,,,,,4.79,4.90,4.91,4.88,4.93,4.82,,,,,,,,,,,,,,,,,,,,,,,,,,,,,,,,,,,,,,,,,,,4.60,-0.59,5.21,1.33,5.08,1.04,0.00,,,,
1912,-0.40,,-5.56,-3.04,,-0.40,,,,,,,,,,,,,,,,,-4.45,-5.56,-4.71,-5.50,-5.24,-5.55,,,,,,,,,,,,,,,,,,,,,,,,,,,,,,,,,,,,,,,,,,,-0.10,-4.96,-5.27,-8.89,-2.74,-6.80,0.00,,,,
1913,-6.92,,1.55,3.23,,-6.92,,,,,,,,,,,,,,,,,0.31,1.55,3.19,1.17,2.95,1.12,,,,,,,,,,,,,,,,,,,,,,,,,,,,,,,,,,,,,,,,,,,-6.64,-11.80,1.86,-2.18,3.54,-2.00,0.00,,,,
1914,-6.69,,5.17,3.29,,-6.69,,,,,,,,,,,,,,,,,3.48,5.17,4.99,4.91,5.46,4.86,,,,,,,,,,,,,,,,,,,,,,,,,,,,,,,,,,,,,,,,,,,-6.41,-11.52,5.48,1.37,3.60,-0.99,0.00,,,,
1915,27.05,,2.93,0.36,,27.05,,,,,,,,,,,,,,,,,2.92,2.93,1.67,3.03,2.17,2.98,,,,,,,,,,,,,,,,,,,,,,,,,,,,,,,,,,,,,,,,,,,27.43,21.13,3.24,-0.75,0.66,-2.88,0.00,,,,
1916,-4.08,,-8.09,-8.15,,-4.08,,,,,,,,,,,,,,,,,-5.53,-8.09,-8.88,-7.77,-8.94,-7.81,,,,,,,,,,,,,,,,,,,,,,,,,,,,,,,,,,,,,,,,,,,-3.79,-8.82,-7.82,-11.40,-7.87,-11.11,0.00,,,,
1917,-32.12,,-18.04,-13.14,,-32.12,,,,,,,,,,,,,,,,,-20.92,-18.04,-15.44,-18.32,-16.39,-18.36,,,,,,,,,,,,,,,,,,,,,,,,,,,,,,,,,,,,,,,,,,,-31.92,-37.04,-17.79,-21.14,-12.88,-16.43,0.00,,,,
1918,-0.12,,-11.43,-10.35,,-0.12,,,,,,,,,,,,,,,,,-10.12,-11.43,-10.86,-11.51,-11.02,-11.56,,,,,,,,,,,,,,,,,,,,,,,,,,,,,,,,,,,,,,,,,,,0.18,-7.62,-11.16,-14.86,-10.08,-15.15,0.00,,,,
1919,1.97,,-12.80,-10.02,,1.97,,,,,,,,,,,,,,,,,-13.91,-12.80,-11.25,-13.01,-11.74,-13.05,,,,,,,,,,,,,,,,,,,,,,,,,,,,,,,,,,,,,,,,,,,2.27,-3.83,-12.54,-16.55,-9.75,-14.51,0.00,,,,
1920,-12.88,,1.53,8.67,,-12.88,,,,,,,,,,,,,,,,,1.54,1.53,4.87,1.26,3.56,1.21,,,,,,,,,,,,,,,,,,,,,,,,,,,,,,,,,,,,,,,,,,,-12.62,-18.21,1.84,-3.14,8.99,1.58,0.00,,,,
1921,23.39,,26.93,20.43,,23.39,,,,,,,,,,,,,,,,,31.42,26.93,24.40,26.83,25.84,26.77,,,,,,,,,,,,,,,,,,,,,,,,,,,,,,,,,,,,,,,,,,,23.76,15.43,27.31,21.31,20.79,12.43,0.00,,,,
1922,29.51,,5.87,4.88,,29.51,,,,,,,,,,,,,,,,,6.60,5.87,5.39,5.90,5.60,5.84,,,,,,,,,,,,,,,,,,,,,,,,,,,,,,,,,,,,,,,,,,,29.90,22.64,6.19,1.41,5.20,0.60,0.00,,,,
1923,2.10,,0.49,1.62,,2.10,,,,,,,,,,,,,,,,,0.98,0.49,0.97,0.45,0.78,0.40,,,,,,,,,,,,,,,,,,,,,,,,,,,,,,,,,,,,,,,,,,,2.41,-3.65,0.79,-3.76,1.93,-2.89,0.00,,,,
1924,26.74,,7.57,4.03,,26.74,,,,,,,,,,,,,,,,,9.03,7.57,5.97,7.65,6.68,7.59,,,,,,,,,,,,,,,,,,,,,,,,,,,,,,,,,,,,,,,,,,,27.12,19.82,7.89,3.22,4.34,0.00,0.00,,,,
1925,21.29,,-0.53,0.09,,21.29,,,,,,,,,,,,,,,,,2.45,-0.53,-1.00,-0.24,-1.21,-0.29,,,,,,,,,,,,,,,,,,,,,,,,,,,,,,,,,,,,,,,,,,,21.65,15.56,-0.23,-4.49,0.39,-3.35,0.00,,,,
1926,13.77,,6.82,6.34,,13.77,,,,,,,,,,,,,,,,,9.45,6.82,6.26,6.96,6.33,6.91,,,,,,,,,,,,,,,,,,,,,,,,,,,,,,,,,,,,,,,,,,,14.11,8.35,7.14,2.70,6.66,2.29,0.00,,,,
1927,34.52,,6.24,5.15,22.91,34.01,45.68,23.11,32.67,42.18,34.90,37.23,39.27,,,,,,,,,,9.67,6.24,5.48,6.38,5.67,6.33,,,,,,,,,,,,,,,,,,,,,,,,,,,,,,,,,,,,,,,,,,,38.75,32.33,6.56,2.36,5.46,1.16,0.00,,,,
1928,39.95,,0.00,5.55,31.99,39.63,44.77,33.36,37.73,40.98,30.14,41.29,53.01,,,,,,,,,,-0.28,0.00,2.63,-0.23,1.58,-0.28,,,,,,,,,,,,,,,,,,,,,,,,,,,,,,,,,,,,,,,,,,,49.35,43.47,0.30,-3.55,5.87,1.17,0.00,,,,
1929,-11.53,,4.00,5.69,2.63,-8.77,-18.31,-3.68,-12.98,-20.81,-17.63,-25.63,-33.17,,,,,,,,,,4.61,4.00,5.47,3.60,5.29,3.55,,,,,,,,,,,,,,,,,,,,,,,,,,,,,,,,,,,,,,,,,,,-9.43,-11.91,4.31,0.40,6.01,0.00,0.00,,,,
1930,-23.14,,15.58,11.68,-22.92,-21.83,-20.87,-35.25,-32.74,-29.98,-33.94,-29.61,-25.46,,,,,,,,,,13.89,15.58,14.76,15.23,15.70,15.17,,,,,,,,-15.27,,,,,,,,,,,,,,,,,,,,,,,,,,,,,,,,,,,-16.90,-23.09,15.93,11.90,12.01,7.55,0.00,,,,
1931,-38.03,,8.60,13.55,-43.72,-37.54,-30.34,-53.00,-44.82,-33.95,-46.50,-40.96,-34.72,,,,,,,,,,1.23,8.60,11.75,8.06,10.90,8.01,,,,,,,,-18.20,,,,,,,,,,,,,,,,,,,,,,,,,,,,,,,,,,,-38.03,-41.14,8.93,5.22,13.89,11.19,0.00,,,,
1932,0.99,,24.13,14.24,5.28,0.23,-5.90,14.28,2.24,-8.76,6.39,4.59,-0.07,,,,,,,,,,28.59,24.13,18.93,24.68,20.84,24.62,,,,,,,,8.83,,,,,,,,,,,,,,,,,,,,,,,,,,,,,,,,,,,4.02,-5.94,24.51,20.38,14.58,10.85,0.00,,,,
1933,53.22,,0.40,-1.15,44.30,45.74,49.18,81.31,66.90,50.43,106.52,100.60,90.72,,,,,,,,,,-2.59,0.40,-0.35,0.47,-0.07,0.42,,,,,,,,4.41,,,,,,,,,,,,,,,,,,,,,,,,,,,,,,,,,,,53.10,43.26,0.70,-2.54,-0.85,-2.27,0.00,,,,
1934,-0.96,,3.85,-2.92,-11.20,-2.74,5.55,-9.16,0.86,9.70,0.21,8.30,17.26,,,,,,,,,,8.45,3.85,-0.46,4.71,0.52,4.65,,,,,,,,16.79,,,,,,,,,,,,,,,,,,,,,,,,,,,,,,,,,,,-10.71,-8.71,4.16,0.93,-2.63,-2.94,0.00,,,,
1935,43.81,,2.12,-1.57,46.11,43.64,40.98,59.94,47.48,37.42,41.41,41.47,41.72,,,,,,,,,,2.98,2.12,-0.22,2.61,0.27,2.56,,,,,,,,33.36,,,,,,,,,,,,,,,,,,,,,,,,,,,,,,,,,,,52.71,39.32,2.42,-0.69,-1.28,-1.45,0.00,,,,
1936,30.46,,2.07,-2.25,33.94,28.72,23.61,33.90,28.66,24.05,52.07,38.97,25.79,,,,,,,,,,5.20,2.07,-0.89,2.76,-0.32,2.70,,,,,,,,28.54,,,,,,,,,,,,,,,,,,,,,,,,,,,,,,,,,,,29.89,25.20,2.38,-0.64,-1.96,-2.13,0.00,,,,
1937,-36.83,,-1.18,-2.78,-34.20,-36.73,-36.21,-41.91,-39.82,-38.20,-46.55,-45.47,-44.55,,,,,,,,,,-3.02,-1.18,-2.00,-0.99,-1.84,-1.03,,,,,,,,-37.20,,,,,,,,,,,,,,,,,,,,,,,,,,,,,,,,,,,-36.54,-40.30,-0.89,-3.74,-2.48,-2.78,0.00,,,,
1938,31.72,,7.05,2.63,21.61,34.09,38.36,30.08,36.89,44.08,37.55,42.44,47.18,,,,,,,,,,8.13,7.05,4.66,7.53,5.26,7.47,,,,,,,,22.52,,,,,,,,,,,,,,,,,,,,,,,,,,,,,,,,,,,34.49,28.79,7.37,4.37,2.94,2.86,0.00,,,,
1939,2.08,,2.86,-0.26,0.97,-0.68,3.77,-6.80,-6.01,-5.36,-8.23,-3.56,0.75,,,,,,,,,,4.41,2.86,0.85,3.35,1.21,3.29,,,,,,,,10.31,,,,,,,,,,,,,,,,,,,,,,,,,,,,,,,,,,,-0.38,-5.45,3.16,0.47,0.04,0.00,0.00,,,,
1940,-8.07,,3.30,-0.98,-6.37,-10.68,-10.81,-8.75,-10.09,-11.27,-6.53,-6.19,-5.97,,,,,,,,,,7.50,3.30,0.45,3.98,0.97,3.93,,,,,,,,-0.56,,,,,,,,,,,,,,,,,,,,,,,,,,,,,,,,,,,-10.41,-15.89,3.61,1.03,-0.68,-0.71,0.00,,,,
1941,-18.45,,-7.21,-9.23,-16.82,-19.81,-20.72,-13.60,-16.91,-19.87,-13.49,-17.56,-21.56,,,,,,,,,,-8.19,-7.21,-8.08,-7.07,-7.83,-7.11,,,,,,,,-12.58,,,,,,,,,,,,,,,,,,,,,,,,,,,,,,,,,,,-19.57,-25.28,-6.93,-9.10,-8.96,-9.03,0.00,,,,
1942,6.76,,-7.29,-8.25,5.00,9.87,6.72,19.42,12.84,6.99,13.59,10.50,7.46,,,,,,,,,,-5.65,-7.29,-7.85,-7.01,-7.93,-7.06,,,,,,,,6.96,,,,,,,,,,,-4.78,,,,,,,,,,,,,,,,,,,,,,,,10.19,3.11,-7.01,-8.87,-7.97,-8.28,0.00,,,,
1943,23.90,,-0.75,-2.84,26.40,21.66,14.74,37.65,30.18,21.83,52.14,39.65,28.04,,,,,,,,,,-1.03,-0.75,-1.66,-0.73,-1.22,-0.78,,,,,,,,21.29,,,,,,,,,,,-1.32,,,,,,,,,,,,,,,,,,,,,,,,22.02,16.01,-0.40,-2.40,-2.50,-2.87,0.00,,,,
1944,18.14,,-0.28,-2.22,17.28,16.45,13.81,29.47,23.07,17.50,37.69,32.12,26.24,,,,,,,,,,0.25,-0.28,-1.37,-0.11,-1.05,-0.16,,,,,,,,16.69,,,,,,,,,,,0.40,,,,,,,,,,,,,,,,,,,,,,,,16.85,11.24,0.06,-1.95,-1.88,-2.25,0.00,,,,
1945,34.81,,2.49,-2.17,32.77,32.90,28.74,55.80,46.39,38.75,61.95,57.10,52.54,,,,,,,,,,5.62,2.49,-1.01,3.29,-0.32,3.24,,,,,,,,20.42,,,,,,,,,,,11.27,,,,,,,,,,,,,,,,,,,,,,,,33.31,27.85,2.85,0.84,-1.83,-2.20,0.00,,,,
1946,-20.87,,-15.00,-15.32,-18.09,-22.38,-23.30,-20.92,-20.79,-20.43,-23.04,-22.46,-21.86,,,,,,,,,,-15.08,-15.00,-14.69,-15.08,-14.74,-15.13,,,,,,,,-17.39,,,,,,,,,,,-16.47,,,,,,,,,,,,,,,,,,,,,,,,-22.14,-25.39,-14.71,-16.34,-15.03,-15.35,0.00,,,,
1947,-4.90,,-8.81,-7.92,-4.65,-3.30,-4.31,-8.89,-8.90,-8.88,-4.98,-6.99,-8.88,,,,,,,,,,-10.54,-8.81,-7.54,-9.11,-7.80,-9.15,,,,,,,,-11.31,,,,,,,,,,,-13.44,,,,,,,,,,,,,,,,,,,,,,,,-2.94,-8.12,-8.49,-10.25,-7.60,-8.12,0.00,,,,
1948,-0.95,,-0.67,-2.25,-0.71,1.90,0.74,-2.06,-2.24,-2.77,-5.37,-5.95,-6.58,,,,,,,,,,0.31,-0.67,-1.80,-0.48,-1.47,-0.53,,,,,,,,0.83,,,,,,,,,,,0.83,,,,,,,,,,,,,,,,,,,,,,,,2.30,-3.54,-0.33,-2.25,-1.91,-2.90,0.00,,,,
1949,22.10,,6.24,2.87,16.05,20.65,27.67,27.16,25.91,24.82,20.76,23.46,25.77,,,,,,,,,,8.91,6.24,3.61,6.66,4.39,6.61,,,,,,,,18.97,,,,,,,,,,,11.05,,,,,,,,,,,,,,,,,,,,,,,,21.12,12.60,6.63,4.60,3.25,2.12,0.00,,,,
1950,22.68,,-6.04,-4.86,24.96,23.69,17.22,30.14,21.60,13.64,40.25,27.67,15.09,,,,,,,,,,-6.90,-6.04,-5.31,-6.21,-5.45,-6.26,,,,,,,,6.38,,,,,,,,,,,-6.40,,,,,,,,,,,,,,,,,,,,,,,,24.09,14.96,-5.68,-7.47,-4.49,-5.60,0.00,,,,
1951,13.62,,-5.87,-4.58,15.80,16.61,13.25,14.05,14.06,14.44,4.69,8.05,11.35,,,,,,,,,,-9.81,-5.87,-5.10,-5.92,-5.44,-5.96,,,,,,,,5.97,,,,,,,,,,,-14.40,,,,,,,,,,,,,,,,,,,,,,,,16.95,9.87,-5.55,-7.42,-4.26,-5.66,0.00,,,,
1952,12.51,,1.14,0.57,12.83,16.94,13.02,13.50,11.38,9.41,10.23,10.11,9.84,,,,,,,,,,0.35,1.14,0.82,1.23,0.85,1.18,,,,,,,,10.16,,,,,,,,,,,-1.53,,,,,,,,,,,,,,,,,,,,,,,,17.28,10.94,1.49,-0.58,0.92,-0.75,0.00,,,,
1953,-0.32,,2.57,0.80,-1.79,-1.95,1.96,-2.75,-0.37,1.73,-4.76,-2.58,-0.44,,,,,,,,,,1.16,2.57,2.09,2.61,2.28,2.56,,,,,,,,1.11,,,,,,,,,,,-0.17,,,,,,,,,,,,,,,,,,,,,,,,-1.68,-7.32,2.93,0.69,1.15,-0.74,0.00,,,,
1954,51.38,,3.29,1.37,52.65,53.03,48.38,66.95,54.28,43.96,63.50,55.99,48.45,,,,,,,,,,6.11,3.29,2.96,3.29,3.12,3.24,,,,,,,,31.84,,,,,,,,,,,9.97,,,,,,,,,,,,,,,,,,,,,,,,53.41,46.11,3.65,1.34,1.72,0.75,0.00,,,,
1955,25.05,,-1.46,0.94,23.37,30.64,27.95,15.95,18.04,19.97,20.92,20.20,19.57,,,,,,,,,,-2.74,-1.46,-0.37,-1.54,-0.80,-1.59,,,,,,,,15.10,,,,,,,,,,,-4.39,,,,,,,,,,,,,,,,,,,,,,,,30.92,25.93,-1.11,-3.45,1.29,-0.37,0.00,,,,
1956,5.19,,-4.67,-0.73,8.53,3.18,1.15,4.47,6.14,7.50,4.25,5.13,5.78,,,,,,,,,,-8.81,-4.67,-1.80,-5.18,-2.55,-5.22,,,,,,,,1.41,,,,,,,,,,,-11.10,,,,,,,,,,,,,,,,,,,,,,,,3.40,-0.36,-4.35,-6.77,-0.39,-2.90,0.00,,,,
1957,-12.61,,5.22,0.02,-11.89,-13.41,-12.17,-13.45,-12.96,-12.56,-16.63,-15.72,-14.84,,,,,,,,,,5.41,5.22,2.28,5.70,3.10,5.64,,,,,,,,-6.99,,,,,,,,,,,4.61,,,,,,,,,,,,,,,,,,,,,,,,-13.23,-16.73,5.58,2.67,0.36,-2.82,0.00,,,,
1958,42.08,,-4.76,-0.31,41.78,40.38,38.25,50.07,47.54,45.68,62.22,55.66,49.56,,,,,,,,,,-8.61,-4.76,-0.35,-5.54,-1.47,-5.58,,,,,,,,26.25,,,,,,,,,,,-12.74,,,,,,,,,,,,,,,,,,,,,,,,40.67,35.67,-4.44,-7.16,0.03,-1.73,0.00,,,,
1959,10.71,,-3.63,1.20,6.06,9.85,12.84,11.50,8.48,5.56,17.66,16.26,14.79,,,,,,,,,,-7.08,-3.63,-0.55,-4.24,-1.23,-4.29,,,,,,,,7.01,,13.92,,,,,,,,,-9.89,,,,,,,,,,,,,,,,,,,,,,,,10.05,6.63,-3.31,-6.45,1.54,-1.70,0.00,,,,
1960,-0.58,,11.20,1.36,1.82,-1.08,-2.75,-0.80,4.92,10.21,-6.50,-2.36,1.57,,,,,,,,,,13.13,11.20,6.90,11.88,8.10,11.82,,,,,,,,3.76,,10.25,,,,,,,,,14.40,,,,,,,,,,,,,,,,,,,,,,,,-0.90,-4.27,11.57,7.88,1.70,-1.34,0.00,,,,
1961,25.91,,0.36,1.27,27.87,25.82,22.61,27.24,25.74,23.83,29.51,28.20,26.79,,,,,,,,,,-1.49,0.36,1.54,0.07,1.36,0.02,,,,,,,,18.18,,29.28,,,,,,,,,-3.40,,,,,,,,,,,,,,,,,,,,,,,,26.03,22.31,0.69,-2.82,1.60,-0.67,0.00,,,,
1962,-10.95,,4.03,1.12,-7.06,-10.04,-15.73,-8.21,-11.30,-14.23,-13.29,-14.58,-16.14,,,,,,,,,,4.62,4.03,2.55,4.22,3.04,4.17,,,,,,,,-6.42,,-26.49,,,,,,,,,5.60,,,,,,,,,,,,,,,,,,,,,,,,-9.87,-12.97,4.38,0.33,1.45,-1.32,0.00,,,,
1963,19.05,,-0.23,1.15,19.48,20.56,19.62,21.95,17.21,12.73,21.83,14.26,6.91,,,,,,,,,,-1.69,-0.23,0.51,-0.30,0.22,-0.35,,,,,,,,10.11,,10.48,,,,,,,,,-4.03,,,,,,,,,,,,,,,,,,,,,,,,20.78,16.97,0.09,-3.82,1.48,-1.62,0.00,,,,
1964,15.15,,2.60,2.25,13.79,15.11,15.72,15.23,14.30,13.48,21.97,17.07,12.09,,,,,,,,,,2.53,2.60,2.67,2.56,2.69,2.51,,,,,,,,9.79,,13.03,,,,,,,,,2.65,,,,,,,,,,,,,,,,,,,,,,,,15.31,11.88,2.90,-1.15,2.56,-0.96,0.00,,,,
1965,11.88,,-1.41,1.70,4.67,10.14,13.73,22.41,19.47,17.01,30.40,27.91,25.52,,,,,,,,,,-2.34,-1.41,0.30,-1.57,-0.34,-1.62,,,,,,,,3.45,,26.81,,,,,,,,,-4.04,,,,,,,,,,,,,,,,,,,,,,,,10.34,7.00,-1.12,-5.11,2.00,-1.89,0.00,,,,
1966,-11.91,,1.22,1.13,-11.27,-13.20,-13.50,-6.68,-6.57,-6.15,-10.49,-9.76,-9.03,,,,,,,,,,0.22,1.22,1.42,1.19,1.36,1.14,,,,,,,,-9.73,,-6.79,,,,,,,,,-1.07,,,,,,,,,,,,,,,,,,,,,,,,-13.03,-16.00,1.51,-2.73,1.42,-3.34,0.00,,,,
1967,23.43,,-3.68,1.04,12.11,20.00,25.84,22.57,23.10,23.71,49.98,49.91,49.78,,,,,,,,,,-10.52,-3.68,0.40,-4.51,-0.44,-4.56,,,,,,,,4.97,,26.66,,,,,,,,,-19.08,,,,,,,,,,,,,,,,,,,,,,,,20.23,16.55,-3.41,-7.66,1.32,-2.95,0.00,,,,
1968,8.11,,-1.96,0.34,10.25,5.83,0.67,19.98,12.62,6.22,28.29,23.53,18.80,,,,,,,,,,-4.58,-1.96,-0.22,-2.28,-0.63,-2.33,,,,,,,,3.05,,16.78,,,,,,,,,-8.39,,,,,,,,,,,,,,,,,,,,,,,,6.04,2.81,-1.70,-6.30,0.62,-4.51,0.00,,,,
1969,-15.63,,-8.03,0.23,-21.97,-13.92,-5.00,-23.61,-19.08,-14.10,-25.80,-25.49,-25.29,,,,,,,,,,-11.52,-8.03,-2.74,-8.63,-4.48,-8.68,,-21.36,,,,,,-13.21,,-10.37,,,,,,,,,-13.74,,,,,,,,,,,,,,,,,,,,,,,,-13.75,-16.53,-7.78,-12.63,0.50,-5.84,0.00,,,,
1970,-0.93,-19.28,10.79,0.94,3.42,-1.81,-9.31,1.67,-3.84,-9.24,-2.66,-11.89,-20.51,-22.74,-7.60,-16.64,,-17.67,-15.68,,,,7.56,10.79,7.31,10.86,8.86,10.81,,0.03,-6.33,8.02,,,,0.79,,1.84,,,,,,,,,1.88,,,,,,,,,,,,,,,,,,,,,,,,-1.59,-5.18,11.09,4.96,1.22,-5.28,0.00,,,,
1971,13.70,26.99,5.82,1.05,3.72,10.43,19.06,11.89,17.01,22.66,12.11,17.54,23.34,13.96,15.23,25.02,,32.74,21.87,,,,8.86,5.82,4.05,6.04,4.58,5.99,,12.41,-6.44,16.17,,,,5.43,11.39,3.96,,,,,,,,,13.42,,,,,,,,,,,,,,,,,,,,,,,,10.69,7.28,6.10,0.16,1.31,-3.16,0.00,,,,
1972,13.83,33.86,-0.46,0.33,9.46,14.81,18.10,7.57,5.12,2.83,5.26,4.44,3.71,-4.54,18.91,31.36,,98.85,10.21,,,,1.24,-0.46,0.31,-0.45,-0.11,-0.50,4.06,42.68,50.89,36.47,,,,7.33,6.13,6.58,,,,,,,,,6.37,,,,,,,,,,,,,,,,,,,,,,,,15.08,11.82,-0.21,-5.96,0.58,-3.29,0.00,,,,
1973,-25.22,-18.88,-6.15,-1.91,-15.74,-21.71,-28.57,-19.85,-28.33,-37.15,-29.10,-37.19,-44.75,-47.11,-21.74,-22.04,,-27.91,-16.40,,,,-7.19,-4.49,-3.95,-4.60,-4.03,-6.90,-22.58,58.74,106.92,59.45,,,,-18.89,-11.22,-31.03,,,,,,,,,-35.28,,,,,,,,,,,,,,,,,,,,,,,,-21.52,-23.98,-4.25,-10.12,-1.67,-8.01,0.00,,,,
1974,-36.46,-28.80,-11.13,-4.17,-29.96,-34.75,-40.69,-28.06,-34.66,-40.59,-30.65,-36.06,-40.96,-35.64,-33.16,-31.92,,-30.43,-32.72,,,,-6.82,-7.32,-5.03,-7.72,-5.54,-16.52,-30.36,47.78,19.81,22.94,,,,-26.76,-16.71,-25.94,,,,,-13.00,,,,-16.96,,,,,,,,,,,,,,,,,,,,,,,,-34.54,-37.44,-7.01,-13.14,-3.85,-10.98,0.00,,,,
1975,29.09,21.84,4.68,-1.07,29.57,27.93,23.52,42.93,36.13,30.48,42.65,43.35,44.18,63.03,25.07,26.03,,17.16,31.67,27.48,27.23,,0.98,-0.66,1.57,-1.15,1.21,8.73,11.05,-30.48,-48.54,-23.37,,,,17.06,9.89,44.47,,,,,2.82,,,,1.08,,,,,,29.67,,,,,,,,,,,,,,,,,,28.33,23.02,-0.34,-7.10,-0.76,-6.49,0.00,,,,
1976,20.25,-3.04,9.90,-0.12,26.23,17.67,9.02,38.58,28.82,19.83,45.36,37.06,29.50,46.52,8.69,-2.74,1.17,14.69,-12.55,-1.47,-1.69,,11.32,9.17,4.12,9.52,5.40,13.40,39.99,-9.14,-24.34,-16.92,,,,17.64,17.56,39.62,,,,,10.00,6.97,,,23.92,,,,11.17,,24.55,,27.01,,,,,,,,,,,,,,,,18.18,13.62,10.24,2.14,0.19,-4.64,0.00,,,,
1977,-9.16,8.09,-3.73,-1.69,-9.75,-13.63,-15.83,-1.85,-5.58,-9.90,6.92,6.86,6.93,14.28,-5.07,9.98,-0.63,5.29,13.56,14.04,14.16,,-6.62,-5.58,-2.97,-4.55,-3.19,-3.66,14.05,14.49,16.18,2.26,,,,-10.38,-2.28,-5.36,,,,,-1.61,-2.11,,,-15.45,,,,-16.97,,-12.51,,-5.95,,,,,,,,,,,,,,,,-12.99,-17.06,-3.43,-10.39,-1.38,-6.28,0.00,,,,
1978,-0.12,19.82,-7.29,-1.81,-3.43,-2.89,-2.48,-1.44,-1.68,-1.79,6.35,6.75,6.85,16.55,7.78,21.03,4.10,35.06,11.23,22.88,23.69,,-9.88,-8.15,-5.31,-8.42,-5.85,-8.28,0.70,23.54,14.49,19.45,,,,-3.39,-4.96,-0.23,,-2.84,-12.42,-6.15,-6.39,-5.51,,,-13.67,,,,-2.93,,-3.86,,-6.97,,,,,,,,,,,,,,,,-2.24,-7.30,-6.99,-14.18,-1.75,-8.27,0.00,,,,
1979,10.50,-3.95,-10.32,-2.91,6.03,4.20,8.98,12.92,16.50,17.06,19.02,25.78,32.61,23.20,-1.09,-7.95,4.73,-15.62,-1.32,-8.86,-7.79,,-12.49,-8.80,-5.05,-9.28,-5.78,-13.92,19.38,104.79,80.95,16.94,,,,0.22,-6.26,8.17,5.77,-14.35,-13.11,-7.51,-12.31,-7.30,,-6.81,-25.68,,,,0.60,,2.32,,3.79,,,,,,,,,,,,,,,,4.69,-0.87,-10.03,-17.66,-2.63,-11.73,0.00,,,,
1980,18.39,9.08,-8.99,-0.85,10.13,17.24,23.55,4.92,17.24,27.91,10.94,22.63,34.72,19.85,12.84,8.40,-5.67,20.02,-1.04,5.46,9.65,,-13.99,-10.88,-3.31,-9.04,-4.46,-11.69,9.98,-0.66,42.06,-2.30,,,19.74,8.95,-0.57,8.98,9.86,-25.34,-20.32,-6.42,-6.98,-4.52,,-8.31,-31.77,,,,21.13,,13.73,,7.65,,,,,,,,,,,,,,,,17.76,11.78,-8.72,-17.78,-0.73,-11.12,0.00,,,,
1981,-12.00,-12.32,-2.76,5.29,-7.47,-12.97,-18.96,-0.94,-6.48,-11.41,4.90,-6.81,-17.10,-5.63,-11.82,-10.79,-27.22,-1.57,-20.09,-3.28,-10.94,,-8.13,-2.51,3.28,-3.18,2.31,-5.82,-3.23,-38.15,-37.44,-30.10,,,-11.89,-5.53,-0.23,7.19,-7.70,-18.43,-14.98,-0.58,-0.07,2.04,,0.34,-31.81,,,,-14.56,,-5.67,,1.08,,,,,,,,,,,,,,,,-12.71,-17.12,-2.45,-13.68,5.66,-8.19,0.00,,,,
1982,13.89,-5.55,27.35,6.89,15.10,16.51,15.50,26.62,18.13,15.20,23.18,19.75,15.95,20.32,6.49,-5.99,-34.59,-10.58,-0.40,-4.98,-6.60,,36.13,29.06,16.38,26.49,18.70,33.60,16.49,7.13,23.66,6.29,,,13.28,19.95,18.75,17.23,14.82,33.45,26.23,6.09,23.87,20.32,,22.41,87.58,,,25.20,14.94,,16.41,,26.74,,,,,,,,,,,,,,,,17.06,10.53,27.73,12.96,7.36,-3.69,0.00,,,,
1983,18.62,18.68,4.09,4.64,23.19,16.86,11.38,26.77,18.85,16.87,33.07,23.94,15.31,30.26,18.15,18.66,9.42,20.85,16.04,20.53,22.00,,-2.03,0.19,4.81,2.99,4.67,4.91,25.33,-18.43,-17.87,10.92,,,18.48,19.06,14.27,25.31,22.89,5.50,2.59,1.22,2.70,5.12,,11.64,-24.02,,,12.43,11.95,,19.71,,20.63,,,,,,,,,,,,,,,,18.08,12.99,4.40,-6.62,4.75,-3.65,0.00,,,,
1984,-1.13,-1.48,10.44,5.52,5.58,2.18,-5.02,-0.69,-2.79,-9.78,-1.98,-11.15,-19.32,-18.00,1.23,2.87,11.82,8.38,-3.61,-1.37,-1.09,,10.10,10.27,9.06,9.97,9.52,11.80,15.85,-22.52,-29.19,-3.72,,,-5.75,6.50,12.21,14.94,5.32,4.43,5.37,2.74,10.03,9.89,,3.65,15.53,,,-4.80,4.15,,4.20,,10.26,,,,,,,,,,,,,,,,2.24,-2.45,10.77,-1.51,5.79,-3.80,0.00,,,,
1985,27.36,44.51,17.28,3.57,26.29,26.43,27.57,26.57,26.70,27.34,25.74,25.77,25.70,21.59,35.86,49.81,22.26,33.37,71.64,54.96,45.15,,26.37,19.88,9.29,19.67,10.96,19.10,14.25,1.36,-11.30,4.96,10.24,40.43,26.77,23.82,22.75,23.34,25.97,16.35,13.04,3.04,17.51,10.69,21.08,17.53,65.80,11.55,6.65,27.23,27.90,27.41,27.26,27.78,31.59,,,,,,,,,,,,,,,,26.91,21.71,17.63,5.67,3.76,-3.66,0.00,,,,
1986,14.51,62.66,13.67,4.77,18.29,16.78,13.73,16.15,16.48,15.83,5.84,4.14,2.07,0.66,40.50,66.88,9.78,90.52,41.68,65.45,55.07,,22.38,15.87,8.58,15.44,9.85,14.87,17.36,17.56,16.78,-0.04,11.47,20.10,10.18,17.12,17.05,18.97,20.09,18.08,14.95,6.22,13.09,10.21,16.75,15.59,67.96,11.92,9.75,21.08,23.24,15.81,15.62,23.12,25.02,,,,,,,,,,,,,,,,17.38,13.38,14.01,4.04,5.02,-1.09,0.00,,,,
1987,-2.32,18.36,-2.78,1.10,-4.07,0.26,0.52,-6.68,-4.37,-1.96,-11.37,-12.99,-14.59,-18.18,11.24,18.85,8.78,33.18,-1.15,24.56,21.82,,-7.08,-4.00,0.94,-3.66,0.25,-2.14,-8.11,18.65,34.54,17.39,1.63,-4.73,-7.89,-2.07,-6.08,-3.07,-6.29,-8.32,-2.68,-0.31,-4.06,0.01,-4.77,-1.71,-25.70,0.80,4.22,-2.22,-0.45,-0.86,-1.09,-0.54,-4.71,,,,,,,,,,,,,,,,0.78,-2.30,-1.61,-9.99,1.35,-4.25,0.00,,,,
1988,12.70,21.43,2.81,1.93,17.63,11.30,6.27,18.96,14.37,7.80,23.60,19.34,14.91,11.65,18.19,22.39,33.26,28.80,10.50,24.10,22.64,,4.25,1.57,1.37,2.62,1.49,4.24,8.28,-19.78,-16.16,21.40,16.23,22.97,14.68,11.19,8.81,23.25,19.45,7.49,5.35,1.14,5.06,2.42,1.72,8.75,8.54,3.18,4.08,2.36,10.57,10.65,14.38,10.46,14.89,,,,,,,,,,,,,,,,11.67,7.64,3.32,-5.58,2.10,-4.23,0.00,,,,
1989,23.18,6.14,8.60,3.56,19.32,25.53,29.55,16.88,20.29,25.26,7.10,10.76,14.48,0.49,11.91,5.25,56.21,-2.37,22.36,9.20,17.16,,13.39,9.78,5.67,9.49,6.48,8.70,3.63,-7.05,16.62,30.95,37.08,27.05,18.59,16.20,15.56,9.92,22.15,4.91,5.12,2.32,10.06,6.51,10.37,-2.63,27.61,3.67,-0.85,36.21,30.34,29.45,22.80,30.21,26.44,,,,,,,,,,,,,,,,25.84,21.60,9.44,0.08,3.55,-4.44,0.00,,,,
1990,-11.77,-27.81,2.40,1.50,-13.61,-8.89,-6.25,-21.16,-16.86,-10.88,-26.51,-22.84,-22.41,-34.34,-21.66,-28.12,-16.47,-38.41,-9.74,-26.55,-27.29,-27.02,-0.03,2.05,3.16,1.73,3.16,0.63,-20.52,-8.58,-21.97,20.54,-7.04,10.07,-18.99,-8.40,-2.21,-20.36,-15.16,-1.02,1.03,0.44,0.10,2.94,1.74,-11.26,-6.82,-0.51,-2.93,-4.49,-2.33,-7.81,-11.71,-0.85,-11.22,,,,,,,,,,,,,,,,-8.68,-11.94,2.69,-6.06,1.56,-5.75,0.00,,,,
1991,29.95,9.66,11.82,2.44,20.55,26.35,36.73,33.42,36.89,42.23,37.08,40.94,46.25,42.75,15.85,8.44,53.81,7.49,9.06,6.50,2.79,3.84,14.78,13.89,8.17,14.03,9.60,14.74,31.20,-12.74,-8.93,-9.74,-2.70,41.97,37.63,19.97,17.95,24.73,24.87,8.15,8.83,4.01,17.31,9.72,14.39,25.17,22.07,10.55,7.31,32.61,37.90,24.85,25.06,33.86,19.97,,,,,,,,,,,,,,,,26.59,22.55,12.55,3.58,2.59,-2.97,0.00,,,,
1992,5.67,-14.19,4.12,0.50,10.12,4.40,1.79,17.91,8.44,5.34,25.13,14.87,4.43,25.33,-7.32,-14.92,7.33,-20.48,-6.04,-14.11,-17.94,-17.71,4.71,4.09,3.09,4.66,3.61,5.36,10.98,-8.90,-5.82,0.58,3.19,-4.34,9.30,4.88,5.61,13.22,8.83,6.22,5.79,1.76,6.68,4.17,4.25,11.02,7.48,3.78,3.11,1.25,-0.66,3.28,5.49,6.57,0.74,,,,,,,,,,,,,,,,4.59,1.52,4.37,-2.99,0.53,-2.82,0.00,,,,
1993,7.67,30.23,6.75,0.24,15.09,6.95,-1.19,12.37,12.23,11.98,16.56,15.53,12.57,19.09,21.03,28.60,68.69,31.84,25.67,35.53,27.04,30.44,13.91,8.20,2.37,9.04,4.05,8.91,16.06,13.65,73.90,-15.43,23.04,8.82,11.43,10.48,11.58,16.18,10.56,10.42,8.57,1.05,11.43,4.20,8.72,15.08,35.39,7.97,10.47,10.03,-4.62,8.68,7.29,1.11,6.03,,,,,,,,,,,,,,,,7.13,4.19,6.81,0.18,0.26,-2.67,0.00,,,,
1994,-2.77,3.01,-5.19,1.28,-3.24,-1.46,0.21,-5.88,-6.13,-6.41,-3.53,-3.10,-5.43,-8.78,2.62,4.64,-10.54,10.10,-0.78,7.63,4.90,6.53,-10.21,-7.52,-2.28,-7.16,-3.48,-6.65,0.14,-5.10,-17.66,1.65,-4.19,6.69,-4.32,-3.08,-6.93,-2.75,-3.74,-8.21,-4.67,-1.02,-7.76,-2.68,-7.62,-4.27,-22.74,-6.35,-7.45,-3.80,2.89,-2.62,-2.40,-2.12,-4.16,,,,,,,,,,,,,,,,-1.32,-4.10,-5.45,-11.89,1.33,-2.61,0.00,,,,
1995,32.42,6.31,15.26,3.06,33.64,34.04,34.65,30.87,29.72,28.56,23.04,25.55,32.64,32.12,15.90,8.08,-1.93,0.20,19.25,7.97,-2.75,0.42,27.20,17.24,7.90,18.04,10.09,18.92,9.73,-1.90,8.45,16.31,22.22,41.58,30.48,29.63,25.72,26.92,35.40,15.78,10.83,3.37,23.27,9.95,17.91,16.20,59.07,14.74,14.08,38.59,36.24,33.01,35.71,30.77,40.38,,,,,,,,,,,,,,,,34.17,30.79,15.54,7.69,3.02,-2.48,0.00,,,,
1996,17.07,2.45,0.25,1.87,17.86,18.93,19.76,17.20,16.25,14.76,19.19,14.32,9.88,13.23,9.03,2.28,12.10,-10.79,17.36,4.81,-1.60,2.14,-4.25,-1.51,1.47,-0.75,1.19,-0.29,31.06,-7.97,16.06,28.45,29.69,17.46,13.86,12.45,5.90,22.30,20.19,1.06,0.85,0.35,-2.06,1.42,-1.60,6.02,-12.30,3.32,8.14,25.47,25.97,11.12,19.03,16.54,18.26,,,,,,,,,,,,,,,,19.01,16.40,0.30,-6.36,1.74,-3.22,0.00,,,,
1997,28.80,-2.44,7.61,3.53,27.59,30.96,34.06,34.40,26.06,18.24,32.09,22.50,12.32,19.16,12.85,-0.25,-18.22,-26.91,22.15,-0.70,-20.40,-11.70,12.93,7.69,4.67,7.58,5.25,8.12,16.78,-23.43,-40.40,-16.26,12.97,26.41,24.57,21.17,18.18,19.93,30.16,7.46,5.27,2.32,11.88,5.16,0.12,10.03,26.63,8.00,8.70,34.41,30.54,27.85,30.23,32.69,31.72,,,,,,,,,,,,,,,,31.13,28.82,7.82,0.74,3.39,-1.67,0.00,,,,
1998,21.31,13.77,6.86,3.49,12.82,26.58,39.95,-0.37,7.26,15.07,-6.85,-4.16,4.68,-8.07,20.19,17.69,-19.42,0.78,26.82,15.24,2.87,8.71,11.50,9.74,5.11,8.35,5.92,6.58,-17.65,-2.65,-10.09,-37.32,-21.79,38.57,6.63,10.28,10.07,-0.79,14.51,4.34,4.08,2.66,7.48,4.88,2.04,3.94,17.63,7.71,9.96,46.20,42.80,20.72,15.95,14.54,14.86,,,,,,,,,,,,,,,,26.54,24.66,6.96,0.42,3.15,-1.59,0.00,,,,
1999,20.58,26.52,-3.35,2.00,9.63,17.90,25.39,-0.75,12.50,65.61,0.65,19.91,16.67,36.38,22.58,23.21,57.35,52.95,13.61,20.30,28.57,7.88,-11.30,-6.65,0.01,-5.54,-0.59,-5.39,-6.55,-1.93,5.52,36.04,17.81,4.24,32.66,1.68,-6.64,8.65,-8.27,-6.05,-3.10,-0.10,-8.68,0.60,-0.53,-0.19,-22.08,-2.14,-0.83,36.57,22.77,4.69,5.58,-8.20,-7.47,,,,,,,,,,,,,,,,17.88,16.40,-3.41,-9.46,1.85,-2.61,0.00,,,,
2000,-13.49,-18.38,7.74,2.51,2.62,-12.02,-24.75,18.13,14.51,-28.90,17.89,-5.83,-1.74,-21.51,-14.62,-17.10,-29.93,-28.17,-11.22,-6.78,-21.14,-4.63,16.07,9.95,4.28,9.08,5.28,6.39,22.21,-9.76,-20.74,43.57,31.96,55.30,-18.31,6.79,12.37,12.09,13.03,9.61,5.66,1.47,8.10,4.63,9.18,-4.12,28.74,6.39,5.22,-12.68,-9.96,-0.81,0.13,6.11,4.98,,,,,,,,,,,,,,,,-12.08,-13.08,7.97,0.80,2.42,-3.28,0.00,,,,
2001,-12.25,-21.37,6.78,2.57,-13.18,-13.32,-14.21,6.89,-1.91,-21.82,11.96,1.59,-2.29,15.07,-17.71,-23.13,-4.36,-27.44,-21.52,-20.17,-16.34,-11.25,2.44,6.05,6.55,7.62,7.22,7.61,10.69,-0.56,23.08,-33.52,-4.06,-8.31,-10.53,2.63,5.75,4.14,-4.85,2.99,3.49,3.19,7.96,6.54,6.01,1.33,-2.31,5.32,4.39,-18.65,-11.88,-9.43,-0.08,8.78,-6.38,,,,,,,,,,,,,,,,-13.23,-14.37,6.79,0.42,2.14,-1.53,0.00,,,,
2002,-22.79,-17.05,5.80,-0.68,-22.68,-23.91,-25.40,-13.88,-16.53,-25.04,-16.19,-21.81,-17.37,-18.56,-21.07,-17.57,-9.58,-11.33,-19.76,-18.24,-8.31,-4.23,13.88,9.93,3.24,8.33,3.69,8.45,1.32,20.58,60.46,27.95,-2.87,-13.34,-19.92,-8.97,2.29,-24.01,-18.72,7.62,5.47,1.14,10.69,2.84,13.61,-0.58,17.44,5.65,4.08,-14.38,-23.23,-17.46,-18.01,-12.24,-15.54,,,,,,,,,,,,,,,,-23.91,-25.15,7.70,1.97,-0.70,-2.32,0.00,,,,
2003,28.99,37.75,2.12,-0.87,29.92,26.22,23.70,28.38,31.76,38.25,34.66,43.07,40.25,62.28,33.22,36.11,54.74,36.02,36.28,42.01,54.00,53.55,0.44,0.26,-0.11,3.75,1.52,6.74,33.27,18.99,29.65,17.53,31.42,24.35,40.86,18.67,7.75,34.58,27.82,3.34,2.60,-0.17,4.39,2.36,6.19,15.10,-1.52,0.95,0.28,23.57,21.23,17.51,30.37,22.66,21.61,,,,,,,,,,,,,,,,26.31,24.05,2.18,-2.26,-0.83,-1.84,0.00,,,,
2004,9.06,17.03,1.04,-2.01,11.76,7.33,3.92,19.93,16.62,11.54,19.66,16.23,12.40,9.90,12.98,16.46,22.14,15.21,17.15,19.96,24.75,30.93,4.19,-0.31,-2.38,1.98,-1.44,2.47,26.69,1.27,-12.63,12.69,32.42,6.13,15.08,7.83,4.30,9.94,14.71,0.89,0.03,-2.02,5.62,-1.03,4.80,5.19,11.88,1.37,1.73,12.96,5.04,10.69,15.88,11.50,7.99,,,,,,,,,,,,,,,,7.39,5.56,1.05,-3.62,-1.96,-3.15,0.00,,,,
2005,2.58,11.75,-0.90,-0.46,3.66,1.41,1.73,7.77,10.27,11.33,2.57,3.94,5.05,-1.41,7.94,9.85,27.69,18.68,5.75,9.60,18.18,20.75,2.87,-1.96,-1.84,-1.54,-1.97,-2.22,8.31,12.83,36.05,20.45,39.89,11.72,6.82,3.45,0.14,1.65,3.61,-0.26,-1.06,-1.64,1.79,-1.08,-0.74,-0.49,13.33,0.62,1.72,15.15,1.75,2.91,9.23,-0.03,-0.01,,,,,,,,,,,,,,,,1.45,-0.40,-0.95,-5.65,-0.36,-3.30,0.00,,,,
2006,12.76,23.50,1.78,2.11,19.24,12.88,6.43,16.63,10.88,8.19,16.29,12.92,9.18,11.91,19.06,23.14,26.27,9.33,30.27,26.74,23.28,32.43,-0.78,0.52,1.24,1.40,1.58,1.59,31.81,19.30,22.32,-17.81,16.78,8.22,11.59,12.22,8.63,16.48,15.44,2.63,1.92,0.78,0.44,2.50,-2.19,5.69,-5.21,0.86,0.43,7.80,9.77,11.90,16.51,14.08,17.76,,,,,,,,,,,,,,,,12.93,10.80,1.75,-3.47,2.16,-2.48,0.00,,,,
2007,1.43,10.99,2.82,0.67,-3.74,1.33,8.28,-8.02,2.01,12.84,-10.72,-2.73,5.33,-12.34,7.67,6.80,33.64,0.74,9.47,1.69,6.10,1.07,5.40,5.64,3.00,3.48,3.10,0.13,-19.66,25.82,20.03,26.28,31.73,0.40,0.38,4.22,1.61,-6.94,-1.69,-1.41,-0.56,0.18,-0.21,1.82,7.09,-1.83,6.83,1.00,-0.02,12.99,5.58,0.05,-3.06,1.47,-2.33,,,,,,,,,,,,,,,,1.36,-0.53,2.77,-2.56,0.62,-3.92,0.00,,,,
2008,-37.05,-44.15,5.05,2.01,-35.96,-37.03,-38.27,-36.59,-41.84,-47.07,-32.12,-36.06,-40.05,-39.67,-42.47,-41.33,-52.80,-34.31,-44.72,-43.97,-50.43,-44.98,23.78,14.51,6.46,4.92,5.41,-7.15,-37.04,5.36,-20.56,-47.52,-42.88,-18.47,-38.69,-22.30,-9.88,-41.09,-36.68,-4.89,-0.16,3.72,2.30,-4.73,-2.61,-21.26,55.27,5.26,5.43,-41.05,-31.43,-25.85,-37.12,-26.58,-32.46,,,,,,,,,,,,,,,,-37.06,-38.54,5.14,-0.18,1.50,-0.09,0.00,,,,
2009,25.41,33.10,3.23,-2.41,16.55,23.27,32.81,34.10,36.76,39.06,26.88,32.72,38.09,21.52,30.04,24.87,71.52,18.02,28.54,30.27,58.04,37.35,-15.35,-5.68,-2.01,4.06,1.62,17.99,26.32,20.18,34.34,12.09,34.81,17.83,34.00,19.10,13.06,31.32,23.80,11.15,7.38,0.42,6.00,11.14,8.43,35.58,-38.34,2.08,1.44,14.33,21.42,15.02,34.90,16.15,14.48,,,,,,,,,,,,,,,,23.11,20.18,3.12,-1.27,-2.52,-2.65,0.00,,,,
2010,15.53,9.40,4.97,-1.46,12.76,13.35,15.40,20.04,23.74,27.20,22.98,26.00,28.77,26.91,11.35,6.76,17.24,14.22,3.47,1.66,23.39,26.79,7.78,5.38,0.69,7.87,2.50,9.04,26.59,26.05,33.26,6.24,11.82,4.65,25.69,9.40,9.08,13.21,9.07,0.09,0.71,-0.46,9.21,3.77,4.53,10.87,8.64,2.80,1.55,16.28,12.34,12.84,10.85,12.96,12.45,,,,,,,,,,,,,,,,13.37,11.12,4.97,1.29,-1.35,-1.47,0.00,,,,
2011,-1.83,-16.98,4.59,-2.86,-1.77,-0.85,-1.06,-3.15,-4.79,-6.45,-6.85,-5.49,-4.36,-12.13,-10.39,-15.03,-21.01,-16.36,-14.03,-14.77,-21.27,-17.02,25.17,6.51,-1.46,7.55,0.11,4.83,5.49,5.53,-18.75,-6.03,-4.51,8.30,-6.37,0.96,6.59,-6.71,-0.18,7.59,6.55,-1.25,13.92,-0.92,10.14,4.16,51.32,2.09,0.75,2.88,4.23,9.45,-5.60,3.13,7.29,,,,,,,,,,,,,,,,-0.83,-2.88,4.74,1.25,-2.81,-2.88,0.00,,,,
2012,14.39,16.19,2.37,-1.70,13.21,13.98,15.01,14.04,14.01,13.97,16.73,16.22,15.65,17.38,15.29,16.53,16.82,13.63,18.92,15.51,17.04,22.59,1.72,0.88,-1.35,5.19,0.30,9.49,15.67,6.52,-13.93,-2.31,0.97,13.20,16.45,10.74,8.22,18.87,14.80,6.31,3.97,-0.66,9.85,2.84,4.97,12.51,1.42,3.88,4.43,12.96,10.67,9.14,14.61,9.68,10.72,,,,,,,,,,,,,,,,14.02,11.46,2.43,-0.29,-1.64,-1.71,0.00,,,,
2013,31.55,13.44,-3.59,-1.47,31.08,30.38,30.44,35.62,33.15,30.27,34.56,35.78,36.17,43.23,21.12,20.26,-6.43,15.81,23.04,20.79,15.92,27.46,-14.03,-4.18,-1.19,-4.88,-1.32,-3.24,0.90,-29.03,-52.13,-3.49,16.47,41.15,36.32,17.99,7.65,34.22,28.86,-4.31,-2.93,-0.93,-7.17,-0.42,-10.00,3.09,-22.11,-1.68,-0.44,32.61,32.11,23.25,40.84,27.05,28.30,,,,,,,,,,,,,,,,30.43,27.68,-3.47,-6.00,-1.43,-1.48,0.00,,,,
2014,11.71,-4.89,5.10,-0.74,12.33,12.79,12.77,13.13,12.91,12.63,9.72,6.69,3.24,2.76,3.16,-6.37,-0.15,-5.26,-7.25,-6.36,-5.41,-6.67,24.09,3.43,-0.25,6.15,0.50,6.64,29.34,-1.19,-9.20,-34.10,-14.86,27.61,6.75,9.07,7.34,11.07,10.42,10.32,6.53,-0.03,17.39,1.10,2.72,3.90,44.54,6.66,8.01,13.62,10.78,15.46,11.45,9.22,12.59,,,,,,,,,,,,,,,,12.83,10.55,5.17,2.23,-0.72,-0.75,0.00,,,,
2015,-0.34,-4.95,-0.33,-0.70,-1.58,0.63,2.55,-2.51,-2.05,-1.70,-5.34,-4.34,-3.22,-5.74,-2.62,-0.91,-15.96,1.68,-2.59,-6.57,-0.95,1.38,-2.06,0.92,-0.22,0.54,0.19,0.20,1.65,-12.29,-18.48,-33.96,-22.01,11.89,-3.98,-0.58,0.61,-3.94,-3.84,3.29,2.20,-0.20,-2.82,0.40,-2.30,-2.01,-5.14,0.08,0.33,8.33,4.80,4.74,-4.24,-2.64,-0.42,,,,,,,,,,,,,,,,0.65,-1.45,-0.18,-2.83,-0.70,-0.72,0.00,,,,
2016,10.37,2.55,0.51,-1.78,14.49,9.65,3.97,12.92,8.96,4.58,22.24,15.90,8.48,18.09,6.53,0.37,9.46,3.15,-2.65,2.73,2.18,-0.06,-0.76,-0.96,-1.27,0.74,-0.57,3.16,6.29,6.63,44.29,7.69,30.47,-10.79,13.77,8.83,5.96,10.35,11.19,-1.32,-1.85,-1.58,5.72,0.73,2.43,9.04,-0.55,1.70,2.53,2.76,6.96,8.25,13.33,9.52,14.46,,,,,,,,,,,,,,,,9.68,7.31,0.56,-2.01,-1.76,-2.03,0.00,,,,
2017,18.67,24.92,1.42,-1.29,14.71,19.27,25.16,14.63,16.79,19.31,9.49,13.84,19.40,10.40,21.58,23.79,28.67,25.96,24.43,18.72,27.55,26.66,6.44,-0.47,-1.68,1.70,-0.91,3.34,2.77,9.27,6.38,2.32,1.13,17.19,15.67,12.45,7.98,16.74,14.47,4.34,2.48,-0.99,9.73,0.01,0.79,4.92,11.17,0.86,0.28,34.76,19.74,16.51,19.45,19.70,13.98,,,,,,,,,,,,,,,,19.32,16.95,1.40,-1.36,-1.22,-2.07,0.00,,,,
2018,-6.95,-16.04,-1.90,-0.11,-7.20,-6.22,-5.15,-14.07,-10.93,-7.37,-13.87,-11.01,-7.45,-14.71,-11.39,-16.06,-16.18,-15.50,-16.38,-16.47,-20.00,-21.90,-3.51,-0.60,-0.44,-2.04,-0.55,-3.62,-7.71,-3.24,-14.63,-15.88,-18.63,-0.69,-11.06,-5.16,-4.32,-14.00,-10.24,-0.91,-0.57,-0.24,-7.62,-0.93,-3.28,-4.69,-5.32,-0.39,1.00,-3.61,-7.54,-0.54,-12.85,-3.87,-7.67,,,,,,,,,,,,,,,,-6.18,-7.99,-1.86,-4.79,-0.05,-1.87,0.00,,,,
2019,27.88,18.79,6.29,-0.15,23.01,28.52,34.16,25.13,28.10,30.87,20.02,24.52,29.79,19.72,23.95,19.32,17.62,14.96,21.48,13.38,18.93,21.63,11.74,3.89,1.20,7.72,2.51,11.44,26.06,15.89,32.47,13.49,10.76,20.24,25.17,19.87,13.87,27.60,26.28,6.15,4.48,0.17,17.83,3.48,5.86,13.32,16.48,5.93,5.47,24.72,31.14,24.91,24.62,26.78,21.40,,,,,,,,,,,,,,,,28.55,26.00,6.29,3.27,-0.14,-2.23,0.00,,,,
2020,19.36,9.78,6.27,-0.88,0.92,16.78,38.30,1.17,16.65,32.67,4.42,17.51,33.47,19.05,15.12,8.78,13.69,15.00,5.01,-4.08,10.40,0.94,16.11,6.20,1.70,8.32,3.28,8.04,-5.94,22.20,25.14,-25.28,-31.72,11.16,30.44,9.19,7.08,6.07,12.99,4.86,3.80,0.53,13.92,3.84,9.42,3.97,22.55,4.79,3.13,27.95,15.39,4.18,-1.66,13.91,-0.22,,,,,,,,,,,,,,,,16.81,14.70,6.06,3.84,-0.88,-1.34,0.00,,,,
2021,17.45,1.48,-8.13,-6.56,18.18,20.21,18.89,20.29,16.32,12.56,19.67,9.99,-1.25,11.04,10.42,4.10,-5.77,-5.18,8.68,3.53,5.29,9.33,-11.29,-9.00,-7.22,-8.78,-7.58,-7.96,31.17,-10.31,-16.32,29.89,19.39,6.84,5.06,11.29,1.44,19.71,20.60,-4.39,-5.47,-6.34,-8.71,-6.89,-1.42,-3.04,-12.66,-8.50,-8.64,5.99,18.56,12.85,20.50,15.49,17.83,,,,,,,,,,,,,,,,20.24,18.55,-8.01,-9.73,-6.53,-6.57,0.00,,,,
2022,-24.40,-21.10,-18.42,-4.65,-8.01,-23.11,-37.19,-13.48,-23.63,-33.15,-14.80,-22.60,-32.73,-26.83,-22.98,-20.45,-22.76,-20.37,-21.14,-11.11,-26.06,-19.27,-33.74,-16.10,-9.70,-18.53,-11.26,-19.30,-30.67,-6.69,-18.71,16.57,16.30,-7.00,-30.92,-19.46,-14.52,-8.84,-18.40,-15.79,-12.48,-6.75,-30.06,-11.46,-17.45,-14.49,-43.06,-18.20,-18.20,-23.19,-25.22,-14.84,-19.34,-15.26,-6.47,,,,,,,,,,,,,,,,-23.07,-24.32,-18.28,-19.96,-4.44,-6.06,0.00,,,,
2023,21.92,11.73,2.27,1.65,5.70,22.14,42.01,6.20,12.21,19.14,12.22,14.36,17.47,5.55,17.91,13.86,5.64,11.82,16.11,15.02,11.41,13.23,0.29,1.00,0.84,2.63,1.46,5.34,8.18,9.83,-3.59,-8.41,5.34,2.06,21.31,10.70,3.61,11.30,17.14,4.15,2.47,0.58,5.83,2.72,0.32,8.11,-1.18,3.71,5.25,5.56,26.59,6.63,10.56,10.74,3.06,,,,,,,,,,,,,,,,22.19,20.20,2.11,-5.41,1.70,-3.24,0.00,,,,
2024,20.27,2.22,-1.60,2.29,12.73,21.46,28.94,10.83,11.99,13.14,9.24,11.03,13.22,10.27,13.16,0.15,7.87,-1.60,-0.83,2.44,-0.30,2.16,-9.11,-1.55,1.11,-1.34,0.82,0.38,1.98,22.73,11.70,5.22,7.55,-4.30,13.63,11.65,3.01,6.88,11.08,-0.94,-1.08,0.30,-5.43,2.11,-0.97,3.40,-15.70,-0.43,0.81,29.15,18.80,12.58,4.20,13.71,14.29,,,,,,,,,,,,,,,,21.51,19.85,-1.59,-1.93,2.19,-2.81,0.00,,,,
2025,14.06,28.73,4.36,1.52,12.26,14.76,16.31,9.13,8.76,7.80,6.24,5.99,5.61,19.60,19.23,31.65,21.50,29.67,31.89,38.65,26.48,39.37,2.67,4.61,2.34,5.73,3.31,6.51,0.50,60.31,136.59,3.42,17.56,14.32,8.51,13.53,8.19,10.46,15.59,1.21,2.37,1.32,4.50,4.06,3.93,6.60,-1.37,2.29,0.28,18.92,9.71,4.88,29.19,11.18,12.38,,,,,,,,,,,,,,,,14.81,13.35,4.50,0.42,1.47,-2.61,0.00,,,,
2026,,,,,,,,,,,,,,,,,,,,,,,,,,,,,,,,,,,,,,,,,,,,,,,,,,,,,,,,,,,,,,,,,,,,,,,,,,,,,,,,,
2027,,,,,,,,,,,,,,,,,,,,,,,,,,,,,,,,,,,,,,,,,,,,,,,,,,,,,,,,,,,,,,,,,,,,,,,,,,,,,,,,,
2028,,,,,,,,,,,,,,,,,,,,,,,,,,,,,,,,,,,,,,,,,,,,,,,,,,,,,,,,,,,,,,,,,,,,,,,,,,,,,,,,,
2029,,,,,,,,,,,,,,,,,,,,,,,,,,,,,,,,,,,,,,,,,,,,,,,,,,,,,,,,,,,,,,,,,,,,,,,,,,,,,,,,,
2030,,,,,,,,,,,,,,,,,,,,,,,,,,,,,,,,,,,,,,,,,,,,,,,,,,,,,,,,,,,,,,,,,,,,,,,,,,,,,,,,,
2031,,,,,,,,,,,,,,,,,,,,,,,,,,,,,,,,,,,,,,,,,,,,,,,,,,,,,,,,,,,,,,,,,,,,,,,,,,,,,,,,,
2032,,,,,,,,,,,,,,,,,,,,,,,,,,,,,,,,,,,,,,,,,,,,,,,,,,,,,,,,,,,,,,,,,,,,,,,,,,,,,,,,,
2033,,,,,,,,,,,,,,,,,,,,,,,,,,,,,,,,,,,,,,,,,,,,,,,,,,,,,,,,,,,,,,,,,,,,,,,,,,,,,,,,,
2034,,,,,,,,,,,,,,,,,,,,,,,,,,,,,,,,,,,,,,,,,,,,,,,,,,,,,,,,,,,,,,,,,,,,,,,,,,,,,,,,,
2035,,,,,,,,,,,,,,,,,,,,,,,,,,,,,,,,,,,,,,,,,,,,,,,,,,,,,,,,,,,,,,,,,,,,,,,,,,,,,,,,,
,,,,,,,,,,,,,,,,,,,,,,,,,,,,,,,,,,,,,,,,,,,,,,,,,,,,,,,,,,,,,,,,,,,,,,,,,,,,,,,,,
,,,,,,,,,,,,,,,,,,,,,,,,,,,,,,,,,,,,,,,,,,,,,,,,,,,,,,,,,,,,,,,,,,,,,,,,,,,,,,,,,
,,,,,,,,,,,,,,,,,,,,,,,,,,,,,,,,,,,,,,,,,,,,,,,,,,,,,,,,,,,,,,,,,,,,,,,,,,,,,,,,,
Extra information about data series,,,,,,,,,,,,,,,,,,,,,,,,,,,,,,,,,,,,,,,,,,,,,,,,,,,,,,,,,,,,,,,,,,,,,,,,,,,,,,,,,
,,,,,,,,,,,,,,,,,,,,,,,,,,,,,,,,,,,,,,,,,,,,,,,,,,,,,,,,,,,,,,,,,,,,,,,,,,,,,,,,,
,,,,,,,,,,,,,,,,,,,,,,,,,,,,,,,,,,,,,,,,,,,,,,,,,,,,,,,,,,,,,,,,,,,,,,,,,,,,,,,,,
Asset Tickers,,Asset Names (short),,Asset Names (long),,,,,,,,,,,,,,,,,,,,,,,,,,,,,,,,,,,,,,,,,,,,,,,,,,,,,,,,,,,,,,,,,,,,,,,,,,,,,
Vertical List,,Vertical List,,Vertical List,,,,,,,,,,,,,,,,,,,,,,,,,,,,,,,,,,,,,,,,,,,,,,,,,,,,,,,,,,,,,,,,,,,,,,,,,,,,,
,,,,,,,,"(table rows are weights, adding up to 100%)",,,,,(ranking data - helps for AA pie charts),,,,,,,,,,,,,,,,,,,,,,,,,,,,,,,,,,,,,,,,,,,,,,,,,,,,,,,,,,,,,,,,,,,,
,,,,174,,,,177,178,179,180,,,,,,,,,,,,,,,,,,,,,,,,,,,,,,,,,,,,,,,,,,,,,,,,,,,,,,,,,,,,,,,,,,,,,,
,,,,,,,,US Stocks,Int'l Stocks,Bonds,Others,,Sort W,Rank,Index,Ticker,Short Name,,,,,,,,,,,,,,,,,,,,,,,,,,,,,,,,,,,,,,,,,,,,,,,,,,,,,,,,,,,,,,,,
VTSAX,9,TSM (US),,Total US Market - TSM,,,,100%,0%,0%,0%,,1000,0,1,VTSAX,TSM (US),,,,,,,,,,,,,,,,,,,,,,,,,,,,,,,,,,,,,,,,,,,,,,,,,,,,,,,,,,,,,,,,
VTIAX,128,Total Int'l,,Total International,,,,0%,100%,0%,0%,,100,29,5,VVIAX,LCV,,,,,,,,,,,,,,,,,,,,,,,,,,,,,,,,,,,,,,,,,,,,,,,,,,,,,,,,,,,,,,,,
VBTLX,230,TBM (US),,Total Bond Market - TBM,,,,0%,0%,100%,0%,,10,37,6,VFIAX,LCB,,,,,,,,,,,,,,,,,,,,,,,,,,,,,,,,,,,,,,,,,,,,,,,,,,,,,,,,,,,,,,,,
VUSXX,249,T-Bill,,T-Bills - Treasury Money Market,,,,0%,0%,100%,0%,,10,38,7,VIGAX,LCG,,,,,,,,,,,,,,,,,,,,,,,,,,,,,,,,,,,,,,,,,,,,,,,,,,,,,,,,,,,,,,,,
VVIAX,17,LCV,,Large Cap Value - LCV,,,,100%,0%,0%,0%,,1000,1,8,VMVAX,MCV,,,,,,,,,,,,,,,,,,,,,,,,,,,,,,,,,,,,,,,,,,,,,,,,,,,,,,,,,,,,,,,,
VFIAX,25,LCB,,Large Cap Blend (S&P 500) - LCB,,,,100%,0%,0%,0%,,1000,2,9,VIMAX,MCB,,,,,,,,,,,,,,,,,,,,,,,,,,,,,,,,,,,,,,,,,,,,,,,,,,,,,,,,,,,,,,,,
VIGAX,33,LCG,,Large Cap Growth - LCG,,,,100%,0%,0%,0%,,1000,3,10,VMGMX,MCG,,,,,,,,,,,,,,,,,,,,,,,,,,,,,,,,,,,,,,,,,,,,,,,,,,,,,,,,,,,,,,,,
VMVAX,41,MCV,,Mid Cap Value - MCV,,,,100%,0%,0%,0%,,1000,4,11,VSIAX,SCV,,,,,,,,,,,,,,,,,,,,,,,,,,,,,,,,,,,,,,,,,,,,,,,,,,,,,,,,,,,,,,,,
VIMAX,50,MCB,,Mid Cap Blend - MCB,,,,100%,0%,0%,0%,,1000,5,12,VSMAX,SCB,,,,,,,,,,,,,,,,,,,,,,,,,,,,,,,,,,,,,,,,,,,,,,,,,,,,,,,,,,,,,,,,
VMGMX,58,MCG,,Mid Cap Growth - MCG,,,,100%,0%,0%,0%,,1000,6,13,VSGAX,SCG,,,,,,,,,,,,,,,,,,,,,,,,,,,,,,,,,,,,,,,,,,,,,,,,,,,,,,,,,,,,,,,,
VSIAX,66,SCV,,Small Cap Value - SCV,,,,100%,0%,0%,0%,,1000,7,14,IWC,Micro Cap,,,,,,,,,,,,,,,,,,,,,,,,,,,,,,,,,,,,,,,,,,,,,,,,,,,,,,,,,,,,,,,,
VSMAX,74,SCB,,Small Cap Blend - SCB,,,,100%,0%,0%,0%,,1000,8,29,VGSLX,REIT,,,,,,,,,,,,,,,,,,,,,,,,,,,,,,,,,,,,,,,,,,,,,,,,,,,,,,,,,,,,,,,,
VSGAX,82,SCG,,Small Cap Growth - SCG,,,,100%,0%,0%,0%,,1000,9,35,VEXAX,Extended Mkt,,,,,,,,,,,,,,,,,,,,,,,,,,,,,,,,,,,,,,,,,,,,,,,,,,,,,,,,,,,,,,,,
IWC,90,Micro Cap,,Micro Cap,,,,100%,0%,0%,0%,,1000,10,38,VWNEX,Windsor,,,,,,,,,,,,,,,,,,,,,,,,,,,,,,,,,,,,,,,,,,,,,,,,,,,,,,,,,,,,,,,,
VTWAX,390,Total World,,Total World Market,,,,50%,50%,0%,0%,,550,26,39,VWNAX,Windsor II,,,,,,,,,,,,,,,,,,,,,,,,,,,,,,,,,,,,,,,,,,,,,,,,,,,,,,,,,,,,,,,,
VTMGX,111,Int'l Dev,,International Developed,,,,0%,100%,0%,0%,,100,30,50,MTUM,Momentum Factor,,,,,,,,,,,,,,,,,,,,,,,,,,,,,,,,,,,,,,,,,,,,,,,,,,,,,,,,,,,,,,,,
VEMAX,120,Emerging,,Emerging Markets - EM,,,,0%,100%,0%,0%,,100,31,51,QUAL,Quality Factor,,,,,,,,,,,,,,,,,,,,,,,,,,,,,,,,,,,,,,,,,,,,,,,,,,,,,,,,,,,,,,,,
VPADX,136,Pacific,,International Pacific,,,,0%,100%,0%,0%,,100,32,52,USMV,Min Vol Factor,,,,,,,,,,,,,,,,,,,,,,,,,,,,,,,,,,,,,,,,,,,,,,,,,,,,,,,,,,,,,,,,
VEUSX,144,Europe,,International Europe,,,,0%,100%,0%,0%,,100,33,53,VLUE,Value Factor,,,,,,,,,,,,,,,,,,,,,,,,,,,,,,,,,,,,,,,,,,,,,,,,,,,,,,,,,,,,,,,,
EFV,150,Int'l Value,,International Value,,,,0%,100%,0%,0%,,100,34,54,VDADX,Dividend Growth,,,,,,,,,,,,,,,,,,,,,,,,,,,,,,,,,,,,,,,,,,,,,,,,,,,,,,,,,,,,,,,,
VFSAX,164,Int'l Small,,International Small,,,,0%,100%,0%,0%,,100,35,55,VHYAX,High Div. Yield,,,,,,,,,,,,,,,,,,,,,,,,,,,,,,,,,,,,,,,,,,,,,,,,,,,,,,,,,,,,,,,,
ISVL,177,Int'l Small Value,,International Small Value,,,,0%,100%,0%,0%,,100,36,71,S&P 500 TR,S&P 500 TR,,,,,,,,,,,,,,,,,,,,,,,,,,,,,,,,,,,,,,,,,,,,,,,,,,,,,,,,,,,,,,,,
VLGSX,190,LTT,,Long Term Treasury - LTT,,,,0%,0%,100%,0%,,10,39,72,S&P 500 PR,S&P 500 PR,,,,,,,,,,,,,,,,,,,,,,,,,,,,,,,,,,,,,,,,,,,,,,,,,,,,,,,,,,,,,,,,
VSIGX,202,ITT,,Intermediate Term Treasury - ITT,,,,0%,0%,100%,0%,,10,40,34,VGHAX,Health Care,,,,,,,,,,,,,,,,,,,,,,,,,,,,,,,,,,,,,,,,,,,,,,,,,,,,,,,,,,,,,,,,
VSBSX,215,STT,,Short Term Treasury - STT,,,,0%,0%,100%,0%,,10,41,36,VWENX,Wellington,,,,,,,,,,,,,,,,,,,,,,,,,,,,,,,,,,,,,,,,,,,,,,,,,,,,,,,,,,,,,,,,
VBILX,236,ITB,,Inter. Term Govt/Corp Bond - ITB,,,,0%,0%,100%,0%,,10,42,33,VGELX,Energy,,,,,,,,,,,,,,,,,,,,,,,,,,,,,,,,,,,,,,,,,,,,,,,,,,,,,,,,,,,,,,,,
VBIRX,242,STB,,Short Term Govt/Corp Bond - STB,,,,0%,0%,100%,0%,,10,43,15,VTWAX,Total World,,,,,,,,,,,,,,,,,,,,,,,,,,,,,,,,,,,,,,,,,,,,,,,,,,,,,,,,,,,,,,,,
VICSX,255,IT Corp,,Inter. Term Corporate Bond,,,,0%,0%,100%,0%,,10,44,37,VWIAX,Wellesley,,,,,,,,,,,,,,,,,,,,,,,,,,,,,,,,,,,,,,,,,,,,,,,,,,,,,,,,,,,,,,,,
VGSLX,103,REIT,,Real Estate - REIT,,,,100%,0%,0%,0%,,1000,11,31,FSAGX,Precious Metals,,,,,,,,,,,,,,,,,,,,,,,,,,,,,,,,,,,,,,,,,,,,,,,,,,,,,,,,,,,,,,,,
IAU,283,Gold,,Gold,,,,0%,0%,0%,100%,,1,58,2,VTIAX,Total Int'l,,,,,,,,,,,,,,,,,,,,,,,,,,,,,,,,,,,,,,,,,,,,,,,,,,,,,,,,,,,,,,,,
FSAGX,300,Precious Metals,,Precious Metals Sector,,,,20%,80%,0%,0%,,280,28,16,VTMGX,Int'l Dev,,,,,,,,,,,,,,,,,,,,,,,,,,,,,,,,,,,,,,,,,,,,,,,,,,,,,,,,,,,,,,,,
GSG,277,Commodity Futures,,Commodity Futures,,,,0%,0%,0%,100%,,1,59,17,VEMAX,Emerging,,,,,,,,,,,,,,,,,,,,,,,,,,,,,,,,,,,,,,,,,,,,,,,,,,,,,,,,,,,,,,,,
VGELX,288,Energy,,Energy Sector,,,,60%,40%,0%,0%,,640,25,18,VPADX,Pacific,,,,,,,,,,,,,,,,,,,,,,,,,,,,,,,,,,,,,,,,,,,,,,,,,,,,,,,,,,,,,,,,
VGHAX,293,Health Care,,Health Care Sector,,,,70%,30%,0%,0%,,730,23,19,VEUSX,Europe,,,,,,,,,,,,,,,,,,,,,,,,,,,,,,,,,,,,,,,,,,,,,,,,,,,,,,,,,,,,,,,,
VEXAX,381,Extended Mkt,,Extended Market,,,,100%,0%,0%,0%,,1000,12,20,EFV,Int'l Value,,,,,,,,,,,,,,,,,,,,,,,,,,,,,,,,,,,,,,,,,,,,,,,,,,,,,,,,,,,,,,,,
VWENX,259,Wellington,,Vanguard Wellington,,,,65%,0%,35%,0%,,653.5,24,21,VFSAX,Int'l Small,,,,,,,,,,,,,,,,,,,,,,,,,,,,,,,,,,,,,,,,,,,,,,,,,,,,,,,,,,,,,,,,
VWIAX,263,Wellesley,,Vanguard Wellesley,,,,35%,0%,65%,0%,,356.5,27,22,ISVL,Int'l Small Value,,,,,,,,,,,,,,,,,,,,,,,,,,,,,,,,,,,,,,,,,,,,,,,,,,,,,,,,,,,,,,,,
VWNEX,267,Windsor,,Vanguard Windsor,,,,100%,0%,0%,0%,,1000,13,3,VBTLX,TBM (US),,,,,,,,,,,,,,,,,,,,,,,,,,,,,,,,,,,,,,,,,,,,,,,,,,,,,,,,,,,,,,,,
VWNAX,271,Windsor II,,Vanguard Windsor II,,,,100%,0%,0%,0%,,1000,14,4,VUSXX,T-Bill,,,,,,,,,,,,,,,,,,,,,,,,,,,,,,,,,,,,,,,,,,,,,,,,,,,,,,,,,,,,,,,,
VWLUX,312,LT Munis,,Long Term Tax Exempt Munis,,,,0%,0%,100%,0%,,10,45,23,VLGSX,LTT,,,,,,,,,,,,,,,,,,,,,,,,,,,,,,,,,,,,,,,,,,,,,,,,,,,,,,,,,,,,,,,,
VWIUX,308,IT Munis,,Inter. Term Tax Exempt Munis,,,,0%,0%,100%,0%,,10,46,24,VSIGX,ITT,,,,,,,,,,,,,,,,,,,,,,,,,,,,,,,,,,,,,,,,,,,,,,,,,,,,,,,,,,,,,,,,
VWSUX,304,ST Munis,,Short Term Tax Exempt Munis,,,,0%,0%,100%,0%,,10,47,25,VSBSX,STT,,,,,,,,,,,,,,,,,,,,,,,,,,,,,,,,,,,,,,,,,,,,,,,,,,,,,,,,,,,,,,,,
VWETX,320,LT Invest. Grade,,Long Term Investment Grade,,,,0%,0%,100%,0%,,10,48,26,VBILX,ITB,,,,,,,,,,,,,,,,,,,,,,,,,,,,,,,,,,,,,,,,,,,,,,,,,,,,,,,,,,,,,,,,
VFSUX,316,ST Invest. Grade,,Short Term Investment Grade,,,,0%,0%,100%,0%,,10,49,27,VBIRX,STB,,,,,,,,,,,,,,,,,,,,,,,,,,,,,,,,,,,,,,,,,,,,,,,,,,,,,,,,,,,,,,,,
TIP,331,TIPS,,Treasury Inflation-Protected - TIPS,,,,0%,0%,100%,0%,,10,50,28,VICSX,IT Corp,,,,,,,,,,,,,,,,,,,,,,,,,,,,,,,,,,,,,,,,,,,,,,,,,,,,,,,,,,,,,,,,
VWEAX,324,Hi-Yield Corp Bd,,High Yield Corporate Bonds,,,,0%,0%,100%,0%,,10,51,40,VWLUX,LT Munis,,,,,,,,,,,,,,,,,,,,,,,,,,,,,,,,,,,,,,,,,,,,,,,,,,,,,,,,,,,,,,,,
EDV,375,LT STRIPS,,Long Term Treasury STRIPS,,,,0%,0%,100%,0%,,10,52,41,VWIUX,IT Munis,,,,,,,,,,,,,,,,,,,,,,,,,,,,,,,,,,,,,,,,,,,,,,,,,,,,,,,,,,,,,,,,
BNDW,352,Global Bd,,Global Bonds (Hedged),,,,0%,0%,100%,0%,,10,53,42,VWSUX,ST Munis,,,,,,,,,,,,,,,,,,,,,,,,,,,,,,,,,,,,,,,,,,,,,,,,,,,,,,,,,,,,,,,,
VTABX,364,Int'l Bd,,International Bonds (Hedged),,,,0%,0%,100%,0%,,10,54,43,VWETX,LT Invest. Grade,,,,,,,,,,,,,,,,,,,,,,,,,,,,,,,,,,,,,,,,,,,,,,,,,,,,,,,,,,,,,,,,
MTUM,395,Momentum Factor,,Momentum Factor,,,,100%,0%,0%,0%,,1000,15,44,VFSUX,ST Invest. Grade,,,,,,,,,,,,,,,,,,,,,,,,,,,,,,,,,,,,,,,,,,,,,,,,,,,,,,,,,,,,,,,,
QUAL,400,Quality Factor,,Quality Factor,,,,100%,0%,0%,0%,,1000,16,45,TIP,TIPS,,,,,,,,,,,,,,,,,,,,,,,,,,,,,,,,,,,,,,,,,,,,,,,,,,,,,,,,,,,,,,,,
USMV,405,Min Vol Factor,,Minimum Volatility Factor,,,,100%,0%,0%,0%,,1000,17,46,VWEAX,Hi-Yield Corp Bd,,,,,,,,,,,,,,,,,,,,,,,,,,,,,,,,,,,,,,,,,,,,,,,,,,,,,,,,,,,,,,,,
VLUE,410,Value Factor,,Value Factor,,,,100%,0%,0%,0%,,1000,18,47,EDV,LT STRIPS,,,,,,,,,,,,,,,,,,,,,,,,,,,,,,,,,,,,,,,,,,,,,,,,,,,,,,,,,,,,,,,,
VDADX,416,Dividend Growth,,Dividend Growth,,,,100%,0%,0%,0%,,1000,19,48,BNDW,Global Bd,,,,,,,,,,,,,,,,,,,,,,,,,,,,,,,,,,,,,,,,,,,,,,,,,,,,,,,,,,,,,,,,
VHYAX,421,High Div. Yield,,High Dividend Yield,,,,100%,0%,0%,0%,,1000,20,49,VTABX,Int'l Bd,,,,,,,,,,,,,,,,,,,,,,,,,,,,,,,,,,,,,,,,,,,,,,,,,,,,,,,,,,,,,,,,
,0,,,,,,,0%,0%,0%,0%,,0,62,73,Total Bd TR,Total Bd TR,,,,,,,,,,,,,,,,,,,,,,,,,,,,,,,,,,,,,,,,,,,,,,,,,,,,,,,,,,,,,,,,
,0,,,,,,,0%,0%,0%,0%,,0,63,74,Total Bd PR,Total Bd PR,,,,,,,,,,,,,,,,,,,,,,,,,,,,,,,,,,,,,,,,,,,,,,,,,,,,,,,,,,,,,,,,
,0,,,,,,,0%,0%,0%,0%,,0,64,75,T-Bills TR,T-Bills TR,,,,,,,,,,,,,,,,,,,,,,,,,,,,,,,,,,,,,,,,,,,,,,,,,,,,,,,,,,,,,,,,
,0,,,,,,,0%,0%,0%,0%,,0,65,30,IAU,Gold,,,,,,,,,,,,,,,,,,,,,,,,,,,,,,,,,,,,,,,,,,,,,,,,,,,,,,,,,,,,,,,,
,0,,,,,,,0%,0%,0%,0%,,0,66,32,GSG,Commodity Futures,,,,,,,,,,,,,,,,,,,,,,,,,,,,,,,,,,,,,,,,,,,,,,,,,,,,,,,,,,,,,,,,
,0,,,,,,,0%,0%,0%,0%,,0,67,76,Hard Cash,Hard Cash,,,,,,,,,,,,,,,,,,,,,,,,,,,,,,,,,,,,,,,,,,,,,,,,,,,,,,,,,,,,,,,,
,0,,,,,,,0%,0%,0%,0%,,0,68,77,Inflation US,Inflation US,,,,,,,,,,,,,,,,,,,,,,,,,,,,,,,,,,,,,,,,,,,,,,,,,,,,,,,,,,,,,,,,
,0,,,,,,,0%,0%,0%,0%,,0,69,56,,,,,,,,,,,,,,,,,,,,,,,,,,,,,,,,,,,,,,,,,,,,,,,,,,,,,,,,,,,,,,,,,,
,0,,,,,,,0%,0%,0%,0%,,0,70,57,,,,,,,,,,,,,,,,,,,,,,,,,,,,,,,,,,,,,,,,,,,,,,,,,,,,,,,,,,,,,,,,,,
,0,,,,,,,0%,0%,0%,0%,,0,71,58,,,,,,,,,,,,,,,,,,,,,,,,,,,,,,,,,,,,,,,,,,,,,,,,,,,,,,,,,,,,,,,,,,
,0,,,,,,,0%,0%,0%,0%,,0,72,59,,,,,,,,,,,,,,,,,,,,,,,,,,,,,,,,,,,,,,,,,,,,,,,,,,,,,,,,,,,,,,,,,,
,0,,,,,,,0%,0%,0%,0%,,0,73,60,,,,,,,,,,,,,,,,,,,,,,,,,,,,,,,,,,,,,,,,,,,,,,,,,,,,,,,,,,,,,,,,,,
,0,,,,,,,0%,0%,0%,0%,,0,74,61,,,,,,,,,,,,,,,,,,,,,,,,,,,,,,,,,,,,,,,,,,,,,,,,,,,,,,,,,,,,,,,,,,
,0,,,,,,,0%,0%,0%,0%,,0,75,62,,,,,,,,,,,,,,,,,,,,,,,,,,,,,,,,,,,,,,,,,,,,,,,,,,,,,,,,,,,,,,,,,,
,0,,,,,,,0%,0%,0%,0%,,0,76,63,,,,,,,,,,,,,,,,,,,,,,,,,,,,,,,,,,,,,,,,,,,,,,,,,,,,,,,,,,,,,,,,,,
S&P 500 TR,428,S&P 500 TR,,S&P 500 Index - Total Returns,,,,100%,0%,0%,0%,,1000,21,64,,,,,,,,,,,,,,,,,,,,,,,,,,,,,,,,,,,,,,,,,,,,,,,,,,,,,,,,,,,,,,,,,,
S&P 500 PR,431,S&P 500 PR,,S&P 500 Index - Price Returns,,,,100%,0%,0%,0%,,1000,22,65,,,,,,,,,,,,,,,,,,,,,,,,,,,,,,,,,,,,,,,,,,,,,,,,,,,,,,,,,,,,,,,,,,
Total Bd TR,434,Total Bd TR,,Total Bonds Index - Total Returns,,,,0%,0%,100%,0%,,10,55,66,,,,,,,,,,,,,,,,,,,,,,,,,,,,,,,,,,,,,,,,,,,,,,,,,,,,,,,,,,,,,,,,,,
Total Bd PR,437,Total Bd PR,,Total Bonds Index - Price Returns,,,,0%,0%,100%,0%,,10,56,67,,,,,,,,,,,,,,,,,,,,,,,,,,,,,,,,,,,,,,,,,,,,,,,,,,,,,,,,,,,,,,,,,,
T-Bills TR,440,T-Bills TR,,Treasury Bills Index - Total Returns,,,,0%,0%,100%,0%,,10,57,68,,,,,,,,,,,,,,,,,,,,,,,,,,,,,,,,,,,,,,,,,,,,,,,,,,,,,,,,,,,,,,,,,,
Hard Cash,442,Hard Cash,,Hard cash - Fixed 0% return,,,,0%,0%,0%,100%,,1,60,69,,,,,,,,,,,,,,,,,,,,,,,,,,,,,,,,,,,,,,,,,,,,,,,,,,,,,,,,,,,,,,,,,,
Inflation US,446,Inflation US,,Inflation US (CPI-U),,,,0%,0%,0%,100%,,1,61,70,,,,,,,,,,,,,,,,,,,,,,,,,,,,,,,,,,,,,,,,,,,,,,,,,,,,,,,,,,,,,,,,,,
,,,,,,,,,,,,,,,,,,,,,,,,,,,,,,,,,,,,,,,,,,,,,,,,,,,,,,,,,,,,,,,,,,,,,,,,,,,,,,,,,
,,,,,,,,,,,,,,,,,,,,,,,,,,,,,,,,,,,,,,,,,,,,,,,,,,,,,,,,,,,,,,,,,,,,,,,,,,,,,,,,,
,,,,,,,,,,,,,,,,,,,,,,,,,,,,,,,,,,,,,,,,,,,,,,,,,,,,,,,,,,,,,,,,,,,,,,,,,,,,,,,,,